# SUPER C bigram weights (char-level)
# V=97 W_size=9409
# final_avg_loss=2.4095902805954226
-2.641040990234479
-2.640164021861424
-0.5436921849286708
-2.6405505207579894
-2.6400997500311947
-2.640530255410406
-1.8862726782818464
-0.7352339663834238
1.2103970800376576
-2.6398593937610793
-2.6409728158725505
-2.639882143828719
-2.4289866489214305
-0.582264649013301
-0.9921875115875654
-2.6407351383439175
-2.6398065047157946
-1.0091269346319178
-1.439060100782255
-2.314314142856005
-1.755007460099654
-2.272762556391478
-2.2890160726004654
-2.2983543768213828
-2.639685560312178
-2.6402287154781963
-2.2384175777635007
-2.4307164469852207
-1.8404320118832351
-2.6405345291514752
-2.64058347177003
-2.640552484537707
-2.6409744338741694
3.2390499973604334
1.2945399823313568
0.7165497523130877
0.40202231056422205
0.6860869564034163
2.170445499180451
1.9164696985993634
1.7465695180644443
3.1585339379687416
2.4063090206380924
-0.5465300435633202
1.6588994476873342
1.6100414735950455
1.2638547210337623
1.851346681685269
-0.011751804409852169
-2.105461551542805
-0.24209094979143214
1.4533343182122143
2.434027757366543
-1.2755605651273707
0.06257246750747238
1.573490495669246
-2.640752207451292
0.006176341121791894
-1.8841002835999567
0.6980971942258641
-2.6405290455498043
-2.6408005594696635
-2.639712268618374
-2.6404046848168377
-2.6396887476557147
4.60049300936988
4.274130455058774
3.58556812361042
3.6893304337735047
2.9495936667829223
3.7513867647385584
2.7970462284380173
4.432379117435316
4.383648814448817
0.7228913241484666
1.521952128063495
3.4642443995534093
4.59864644649193
3.56854211317168
4.554577737929231
3.503341719339995
-0.27480866606412646
2.54455455034485
4.314288788325614
5.356954948322384
2.78673911902607
1.757807248653047
4.773087295554454
-2.218935768178225
1.9643413610101192
-1.8690653996844937
-2.640675600131869
-2.639824165283087
-2.640379490766981
-2.6406089990327954
-2.6404998674924034
-2.6408178111442666
5.805095351716493
-0.12391923376631846
1.5007406893143023
-0.11181717659754672
-0.11673725899129601
-0.11631825219405537
-0.11380654206754612
0.44150865148662755
-0.11119444766734181
-0.12527029615385596
-0.11743468874559201
-0.12639267764398263
-0.12153881335406111
-0.11272876878277409
-0.11435593132222475
-0.11968491146024027
-0.11766238664418235
-0.11738739611738755
-0.1172206512257542
-0.11619038782584885
-0.12561380240453462
-0.1141528636387381
-0.12016752502821806
-0.11142153221632545
-0.11398033413955802
-0.12447877243720615
-0.12483415829316774
-0.11994974635727969
-0.12634904657258303
-0.11727552256131937
-0.11278654663185328
-0.11378992290341007
-0.11911900194634048
-0.1252686788856924
-0.12152332992441031
-0.1252974572650224
-0.12159255083959118
-0.12543331088100484
-0.12321360467846644
-0.11855133812217829
-0.12335048229326998
-0.11473392204327923
-0.12337830751416681
-0.1153159066461334
-0.11723541610288321
-0.11744255901583135
-0.12185667073642255
-0.12167200752490759
-0.11733951654350448
-0.12284292638752028
-0.11273989446593036
-0.12597036649620108
-0.11013108241034093
-0.12462263612264024
-0.1139119758798053
-0.11684929192115838
-0.11326107546696808
-0.1213259312115156
-0.125572010144177
-0.11036453554005424
-0.11883840530413234
-0.12036684055424546
-0.12549335368529868
-0.1125283850178334
-0.12117432057794629
-0.1133967683527833
-0.12729608606808487
-0.12344609984270173
-0.11245140136393628
-0.12334360615587653
-0.12382601276077079
-0.11177977753034178
-0.12597353055255553
-0.12136360062477271
-0.12004483534742197
-0.11158964506577732
-0.1151152130270451
-0.11560999713470922
-0.12464507800738563
-0.12089565026897348
-0.11533769617506082
-0.11534201812943772
-0.11440831238963842
-0.11634027456075405
-0.11304636141836057
-0.12699214734393086
-0.10954196267307174
-0.11744546959663364
-0.1138449625693816
-0.12223716546592674
-0.1197659212219581
-0.12000849098142424
-0.11002571206350595
-0.11346660720487982
-0.11923531222257881
3.2444618204132776
-0.11488903214406018
3.023561426333577
-0.3756942119671606
-0.378087240903345
-0.37609738451321706
-0.3747920581929602
-0.37777175269141217
-0.37789627666710823
-0.3769359829948967
-0.37748290166129456
-0.37086693798040726
-0.37515592210663856
-0.3764135300920749
-0.3692216593302642
-0.3708144563424087
-0.3673612517276288
-0.37072924975086075
-0.38053363049770744
-0.3761344493578958
-0.3773539239425466
-0.36959226835555337
-0.3675738933553192
-0.37737323241812826
-0.377765469941161
-0.3706780055389268
-0.37487972964964167
-0.3691172469629326
-0.36819002071531726
-0.37258161164711473
-0.11197738660429618
-0.3752380104167136
-0.3771212138709364
-0.37816015751405013
-0.3715993493277595
4.152336620838482
1.6171191982040356
0.14482313582591863
0.8042717142806618
-0.37339554830559457
0.5919380972320241
-0.1098281345371369
2.1566658474816203
1.678665656642364
-0.10697467351535761
-0.38026731568071565
2.9842359353980767
-0.37228414834857326
0.6104518315004847
0.11976876807001509
-0.11906876111111898
-0.37761342228318456
-0.3808376071110577
1.0648012028300144
3.4005028911322195
-0.3743736902511745
0.10822590383303873
2.110826146267749
-0.37153377307946794
0.1091053176555216
-0.3690697774570737
-0.37433198670441975
-0.373059387903733
-0.37026653484446037
-0.3782710571513163
-0.37166421038547987
-0.3702547276105025
-0.3766479723839564
-0.3749195927746839
-0.3682794688347231
-0.3683177106245552
-0.371371274381879
-0.37968383892110613
-0.37613430503944073
-0.36730924052118546
-0.37901451686373233
-0.3759816405495523
-0.37729132966096357
-0.37593870779510014
-0.368485367344865
-0.36968805578784647
-0.3706411458035978
-0.3751586092973805
-0.38091718829549065
-0.3768309146461189
-0.3787735050519126
-0.37873931513332637
-0.3751632667486344
-0.37417582664055404
-0.37986048168301717
-0.37105699303029893
-0.10095514120611579
-0.3758506774531708
-0.3756870991721001
-0.3802131806011421
-0.3680584218394243
-0.37837886236681023
3.938120510113007
-0.3808895165732645
0.004284912003367214
-0.004281304364847178
0.0011308047845511471
-0.0069180476538374626
-0.008666318449752727
0.006912849252160649
-0.0009567636801110857
0.000206198908511539
0.0005131565932525173
0.00738239965994695
0.0030987187423557193
0.0017543715266190119
-0.0057681237099346475
0.0017177478797307266
-0.0004653714510237883
-0.0016612030117326081
0.0005355178998851918
-0.005434794237904799
0.006607526945812967
-0.008228276988595136
-0.0032410598025670746
0.006685747251401681
0.006362833881434924
0.008085604157624184
-0.005847377728460386
-0.0013783129059750964
0.009610753987148625
-0.0006763872916637692
0.005965492926050484
0.002805316905908357
0.003369397113808925
-0.002633889921733945
0.009035082181705914
0.0008207457576066069
-0.0007230864927842062
0.003112660053815184
-0.004641838310006745
-0.007077797618905841
-0.006760608245444832
-0.009175508316227836
0.006544734580765792
0.009302938013217403
0.004301942607732046
0.0014174138168799222
0.006561367012179154
0.008949437542862053
0.00630387860815449
-0.004359464619220004
0.008670712113660828
-0.007493673282589637
-0.008644463312371883
-0.0038108687387299624
0.00515639935921006
-0.0010721999440310537
-0.005517015625785218
-0.009511377296596233
0.0028146745107371584
-0.0037879451303570377
0.004767440020142912
-0.008352589967559288
0.0004606779161509933
0.008774119781798597
-0.008637657808468362
-0.008504212552797916
-0.009417178809106365
0.0007353953943395953
-0.004473081089464111
0.003417273439018296
-0.0032393797941014046
0.0005348893888167994
0.001868895128003445
-0.00889548480079261
-0.002070634344188089
-0.004133781206928566
0.008287729091353405
0.002224446325202969
-0.0007866438192628711
-0.004143021669688079
-0.008756119098009966
-0.005623716922749648
0.00040133618800624937
0.007307411470089873
0.006178146474144013
-0.0016731973338873706
-0.009883627535507145
-0.008031789948734935
-0.00723564614614493
0.003439042748252397
-0.00041799435990725887
0.003935784855412545
0.008669521163691579
0.009739903363152225
-0.008971251700292402
-0.00848212470545663
0.006372614963700632
0.009548436226666191
0.0033556020822262103
-0.009578394871436429
-0.00927472277015867
-0.009508100817462199
0.009386372405399104
-0.004285946200617972
0.00913652930240814
0.009707339598576992
0.004910434482648776
-0.0027226761058219795
-0.0023564056027027824
0.0005675383979330317
-0.0025882461625885635
-0.008113695901123074
-0.008519879217548336
-0.0035072345715683297
0.009443273627113221
-0.004750092186573514
0.006283073484744437
0.002216076467534156
0.00033862383318229884
0.0009644928369286233
-0.0041765107898966885
0.005476983349488687
0.00031892052368234894
0.003208033700717321
0.0069523742115428005
0.00924555911076356
0.008855287578612876
-0.006774914106615968
-0.005528103593316687
-0.002237671782077102
-0.006237356704082791
0.007962561989984443
-0.004282440740351912
-0.005960022001829106
-0.00023378262741120316
-0.004100163783367032
0.0001405803047588594
0.005961639147903641
0.0016905684380751041
0.006755832355757769
-0.003538926254248627
3.330171810374205e-05
-0.005724534981626184
0.00022595072012130847
-0.006386437702589185
-0.007625417621445909
0.007007027184713988
-0.002332508561814597
-0.007090184580460773
-0.008041589211409685
0.009431402652416146
-0.009422785630826781
0.008181163692601834
0.0008314089675840663
0.009714358373096992
0.00040121613013141213
-0.007259474443483951
-0.0034143611695954014
0.005345731309597739
0.007888449745947393
0.0026433084734818623
0.007317591113707809
-0.0019378141212763244
-0.004880431868312694
-0.005006829627112182
0.0019013009283589577
-0.0049372458717539145
-0.006641639483046849
-0.004367769645763124
0.0058360582631706535
0.008491402881418761
-0.00653645651097716
0.003071457668710409
-0.0067914951917247505
0.0007011199655013888
-0.0061762809985864255
0.0017054565041676284
-0.005817527024736311
0.008724288769991111
-0.000494599639445501
-0.009430852462210605
0.004510877249132515
0.003619263384378457
0.005250085999165118
-0.006389018305170174
-0.0025284998208169075
0.00470698159333141
-0.005128949119230955
-0.007796198831681936
-0.008415620575865566
-0.007984290921147877
0.0023664181652696594
0.0015628923404228767
0.00929145655788788
-0.009246548837107064
-0.003719269998677435
-0.0051297095254535605
0.0039303406903731354
-0.004798843603914216
-0.00831216859616571
0.008455000452534108
0.007132756907315598
0.008955050244756431
0.0021275138390523286
0.006886952794415746
0.0025147161664761807
0.003482202141357711
0.005410421462800181
-0.007241083071490224
0.002787444351988635
-0.006732639773707676
-0.00398913561928991
0.008589475140301455
-0.004802409786091184
0.004620447627318154
0.009522320516554484
0.00029138577088730025
-0.004770499778322211
0.0045183393513403905
-0.0034090292866336713
-0.00022764495250692906
-0.006195225086410703
0.006828341071250414
-0.0014623286716421724
-0.007324886965417572
-0.0054445811439704705
-0.0010906865808955257
0.0030413832092331173
-0.005553874447349989
0.0048691494904008125
0.0033599299950646854
-0.005040187240963574
0.009171473584368109
-0.006722843556402989
-0.0018662111566566675
0.004518058906819191
0.003960783672646915
-0.0030006480388886226
-0.005741218914024879
-0.007964712761207995
0.004918748489927982
0.008455523771960719
-0.007893085858544651
0.002127495412685778
-0.005070015646184418
-0.009410494989087824
0.004290756997681316
0.004692488391749898
0.008630030868279888
0.006850540860826857
0.008994707511631726
-0.004290277483358567
-0.004379966443260421
-0.001543506356234885
-0.007821941010228184
0.00264444330835377
-0.006537726233572983
0.0025688775347350633
-0.0006588271057790829
-0.009270791878424969
-0.006964218688069277
-0.0006792377647021941
0.008466131392067373
-0.006272481371865993
-0.004217458670012666
-0.0016311081224443624
0.0010192753870870487
0.007321533294506244
-0.004691315929432576
0.0075841846474810825
0.004550153195092166
-0.009793969645161939
0.007424753562253301
0.0017448415198372746
-0.003334536866340947
-0.008808956903642322
-0.008865949425656059
0.006073288769066858
0.0011444253969976725
-0.008193882014722246
0.005430091792426353
-0.005926684616113911
-0.005674362897579653
0.00790800998949893
-0.0001769311435085852
-0.0017233543155708176
0.005235995899114601
0.00538802214383544
0.009764458011663568
-0.007936761767797397
-0.009799472365445896
-0.009613537776262488
-0.000874982983044077
-0.010018371279743919
-0.01761084738305201
-0.02172592583282601
-0.011566820364006629
-0.018637083517861707
-0.015575500326174652
-0.015946406788405615
-0.01578872775414789
-0.0146982884236936
-0.013023838221855813
-0.020431241945785845
-0.008590037534490278
-0.00845836092888305
-0.02107859372918459
-0.021202989636119503
-0.019716480276189222
-0.01561298444736855
-0.013626064975595185
-0.020940636866883355
-0.01490874890375262
-0.01357661115999742
-0.010800538532857888
-0.024186590803001354
-0.013549979986877153
-0.022891186327160137
-0.01656826064910194
-0.016872164720452488
-0.019798054320114902
-0.011211381288844231
-0.015336293236796689
-0.02464784792112867
-0.027296581340982836
-0.019674281091367322
-0.02447424527382659
-0.013037061898729756
-0.01930376059140725
-0.014034356732873822
-0.011008519219560491
-0.027231331015687876
-0.02000434964139845
-0.010240973236481677
-0.02657261036599258
-0.022877738616009075
-0.02475128458812843
-0.027986954802658025
-0.022527318506625503
-0.025703204191056032
-0.027914933556275702
-0.01071015427133532
-0.025762010711162547
-0.02513911165713374
-0.01631418128656165
-0.013090129414518793
-0.01968707690634584
-0.014774739620178643
-0.010001398268278387
-0.01119712198108766
-0.020217016619374015
-0.011073006298943863
-0.016370130976699367
-0.010601600418991943
-0.011650740461427247
-0.021346769357631135
-0.018363069945195296
-0.018888545515827634
-0.018078391515681438
-0.013348753660068949
1.744364012628836
-0.013287295341415636
-0.009279131378241458
-0.013756614702579582
-0.019025731480287664
-0.014070539781038493
-0.018186070614348192
-0.02295149397196319
-0.010715359477713396
-0.02264231741426568
-0.027418276149681925
-0.0253511448461576
-0.010602838986833289
-0.01886716702259376
-0.015311818102124664
-0.01608643058058591
-0.010164048772425244
-0.013172602009415845
-0.0165583388873575
-0.00928750920197449
-0.02146087557523768
-0.013081900465821186
-0.015488813734564469
-0.01958888354720138
-0.012789803986536742
-0.01192387694571755
-0.027152059669746046
-0.01870457333608779
-0.024214013055922336
-0.01247434103190374
3.7113436773533994
-0.23746990108455476
0.017885334522270466
-0.24136777079590632
-0.23569890267641433
-0.2422291035133353
-0.24045018456629533
-0.2428328128787847
-0.24189586161241608
-0.24466559041864305
-0.24029204394666848
-0.24895442061080542
0.28493112711445984
-0.23440011376200726
0.5586731174847137
-0.23896360760773738
-0.24738998444428237
-0.24525120433788203
-0.2412406793164703
-0.2349902964481462
-0.24776612452458682
-0.24654817014219949
-0.23676732645068543
-0.23961882439315185
-0.24224347113405736
-0.24489183375076023
-0.24497697696575454
0.019235216599209744
-0.23752743643518173
-0.23994292464282962
-0.23497502946334226
-0.24540331868918197
-0.2409635236936531
-0.24451573869668145
1.4283941147708195
0.03008074307258841
0.026889198971483133
0.03404059641026085
0.01447002720126402
-0.2400884585073503
0.3113147306133438
1.5097702463087983
-0.24248093211826705
-0.24273342513551688
0.03351314458877017
-0.2426618237839871
-0.23650169848103894
0.03647316711383195
-0.23414518438213403
-0.23427177970886767
-0.2477934717385081
-0.23528317049693181
2.968285154929996
-0.23996418361881908
-0.2419116973594869
0.5592794890617223
-0.23891838430190612
-0.24516329224407132
-0.23576003081390431
-0.24471989625282187
-0.2473867207636865
-0.24141676785317134
-0.244977144094474
-0.23866275221368743
-0.23860960750689628
0.0311948508700712
-0.24052388315396675
-0.23590012778706596
-0.23621605384293315
-0.23724603532908725
-0.23766126851340805
-0.24660354656582847
0.54502562655126
-0.24597013404521742
-0.23713206272428855
-0.24452059950271637
0.020594214884379857
-0.24853067358948763
-0.24202492628532812
-0.24741889371981454
-0.24857073875482724
-0.23727033712689521
-0.24290094335868614
4.472941727465004
0.030670359736533905
-0.24062056223553954
-0.24389747749996812
-0.2391210181989703
-0.24886150100535653
-0.24196422857015668
-0.23707499512657076
-0.24339508078666408
-0.23489514909805276
-0.24336404396215666
-0.23615596674139608
1.5456969656891901
-0.235337828355795
-0.22731296999447304
-0.48479945060886576
-0.4803263376371719
-0.4796250241670828
-0.476166151237943
-0.47518917109857595
-0.2225828952604665
-0.4768154970109186
-0.479904030649625
-0.4747955238839111
-0.4783999684030426
-0.47530130980863683
-0.48012360481833094
-0.4841462195153558
-0.4843162094021017
-0.48133616142962415
-0.47470453107794003
0.9322229352012382
0.270703610680744
0.016288733843995207
-0.21730670491791276
-0.2175449776768788
-0.4763928982840106
0.1802402671227018
-0.483690678146999
-0.4851425385912013
-0.4803606940475439
-0.4770169902974891
-0.4801484422912041
-0.4861038127720919
-0.4801620780891563
1.4475874209091797
-0.4795504314733927
1.1809910331851132
-0.2296834768702361
1.1385645981163808
-0.4832625523823118
0.2514100030955048
-0.4868044671018339
-0.014871937957708678
-0.008104755673398484
1.1106791656398451
-0.4789212280228703
-0.23480965513080979
0.019644508212906475
0.01996199985562938
-0.2403490608789489
-0.2582165293571038
0.029168432062438254
-0.47573835243748097
-0.48426175825226636
0.8748314144163328
-0.24120488988749753
-0.48129556792415845
-0.47668465648418296
-0.22157472203670384
-0.4827748469256171
0.006080062428355076
-0.4821028110354982
-0.4834985264154607
-0.4829393240725052
-0.4801765714430051
-0.4781048984639887
-0.4772134395973884
-0.4831791960040678
2.3033015333682414
0.475696567052951
1.6081092311248728
0.014770265331166448
-0.23055354527704716
1.6685826170388909
0.01036486060915685
0.6674542100639107
2.2508877581179134
-0.4772172535310602
-0.47524916977188864
0.8646101727597033
0.6117231975826701
-0.2145590288924591
2.294489892693668
1.3979648135851972
-0.4860763400218519
0.26274767827469186
2.2731169833582485
2.44909836470596
-0.4763863521210007
-0.47641679189757125
1.1201499129950128
-0.4808235001232921
0.0008097571926877514
-0.48514511664931054
-0.4787485876266329
-0.4839356873521759
-0.481701647570078
-0.48158290658752945
-0.4771646579017088
-0.4859240296744225
6.401874475266401
-0.22206305873374416
-0.23227461201608876
-0.22820139176618023
-0.22199284614146597
-0.2320809827550057
-0.23764722793680637
-0.23578768095830868
-0.22883289750958494
-0.2312821171798161
-0.2335936875125521
-0.22749712620036386
4.3368460420876955
0.31687712212112196
4.37747508646556
-0.22780552205635157
-0.22812032220993406
-0.22632392825881037
-0.22466307912959127
-0.22866691701160724
-0.2372433049377504
-0.22371339138536894
-0.23138291349823684
-0.2259628837074278
-0.2360521946875932
-0.22789511737167112
0.04774397124171244
0.5774308555349936
-0.23657741476077576
-0.22208257143706178
-0.23743012910741032
0.062473697106586776
-0.23309186150655048
-0.2224215941242422
-0.22213708015638023
-0.22234700828163378
-0.2303062091433067
-0.2322140134797978
-0.2361999203681464
-0.23727335252307763
-0.22984196265503332
-0.2252692379412027
-0.23766871034057205
-0.22899259860127225
-0.2349134580003785
-0.23118115333072556
-0.2339431572286976
-0.2361028889320914
-0.22623959886860584
-0.2229030803302698
-0.22978108055080615
-0.22598250866298009
-0.2330819894239382
-0.22770932363758878
-0.22973484141206538
-0.23390444551788475
-0.23625635162017322
-0.22940972734724077
-0.2358015840117594
-0.2302263879928526
-0.23725775045543313
-0.23092075326992917
-0.2369185145554618
-0.23555696060656262
-0.2223052993475319
-0.2364995119361268
-0.23220856763228695
-0.23453463542962869
-0.23652790076326466
-0.2223755441731641
-0.23077801677235363
-0.23664576993556782
-0.23645039713455157
-0.23544017857442998
-0.22619228303643035
-0.23377245667545613
-0.22946503413957212
-0.23565029439704246
-0.22472429200500071
-0.22580239620861278
-0.2284140159281517
-0.235681642781362
-0.22647428103014766
-0.229149827670518
-0.23552954389475866
-0.22681568430523077
-0.23645053853584241
-0.22748596289707188
-0.22588698048091738
-0.22214456458890217
-0.2295133489256417
-0.22717878602673092
-0.23090278899400457
-0.228686931418374
-0.22685791794612883
4.288886595112441
-0.23735910457367687
0.001100922967532798
0.0019894600857136547
0.0008788992910042204
0.0017228687322118907
-0.00923498737397396
0.0015088302750001104
0.002410644887421396
-0.0066211740322540185
0.002979705545505904
-0.0028625361133627126
-0.00695212741113524
-0.007220315067784124
0.003788180661253391
0.002136470222082465
0.00047351197220430797
-0.0008723346610425687
-0.00261860551953637
0.007977646565066363
-0.0013812692657621062
-0.00575355362282362
0.009871597482363359
0.0006640296320222472
-0.0025894756118062445
-0.007792102288418188
-0.008610083701087932
0.006534414553633341
-0.002572902136598432
0.006448753820921656
-0.0069763296701242615
-0.0010299763635188675
0.0014402836314348045
-0.004180663692729192
0.005358359343868562
0.008132140591429535
-0.0056111252985797866
-0.005221853058112815
0.006676034264285511
0.0010907083964681098
0.0009221113656000846
0.0049896820480613766
0.00827498248377602
0.007802001039878932
0.0060951660821547465
-0.0047833723075916355
-0.006829182837122621
0.0008029755693713648
0.0013374475338811132
9.524279865746887e-05
0.004690808784125451
-0.009563918100815834
-0.0044559327124601604
-0.009013890129279827
0.0058155240002474495
-0.009886778885080535
-0.006697886032518044
-0.008099959932680253
-0.008900023275337256
0.006481714549552132
0.007526599277127777
-0.006747015922724773
9.453897717731863e-05
-0.0005890701307869261
0.008943028346115862
-0.00547254381499803
-0.004238168268582429
0.007661764943193366
-0.008991377281521924
0.006516491020748339
0.00948000038768714
0.0051620159889395325
-0.0012479355283466708
0.0027342084728112595
0.0014583433451592388
0.0011587444609636878
0.009161400336769656
-0.0030162890598677493
-0.007362875312933062
0.008913330207996934
-0.003671459149327485
0.00106572742767862
0.004485563371478587
-0.0039274686393928684
-0.004315801915951018
-0.00015057558907123126
-0.001491103724782683
-0.00471827277936502
-0.00994010693510648
-0.00011846722096369167
-0.00331696860743796
0.004119009448206628
-0.009781820406307774
0.0044900936896817515
-0.002503489155927112
-0.003441955027280146
0.002934009027927955
-0.0037687215533131835
0.009389791195905462
0.0058210069688055715
0.0031475837277687747
0.006060455859302181
-0.008754138994208514
0.002754206955072056
0.005137976969918885
-0.007649702564512531
0.007766732992524585
0.004848329168944498
-0.005706674751605137
0.006952337879959902
0.0012415752735765917
0.005185424175088556
-0.009400473117317199
0.0025625180835231265
0.007650002127572355
-0.0003668612074797939
0.00589708990946338
-0.005367603306269854
-0.009555413885847248
-0.007905299908213594
0.0075421728802502995
0.0010120904269640652
-0.0017017189825841129
-0.008669533514174583
0.005199192370426858
7.418635023418884e-05
-0.009209122125796903
-0.008224238435965814
-0.003546902366513491
-0.003411213542412428
0.005398244556673302
0.006798482281856748
-0.001944669137692834
0.008482190783537917
0.00017131286770579734
-0.009626791705548705
0.0005981901041555027
0.00908167596505373
-0.0008177869104939228
0.006860238195826987
3.3336371027317126e-05
-0.004025983039159491
-0.003958252328724292
-0.0036865720831914884
0.00013646063474526127
-0.0038358469365013617
0.0005252742783406572
-0.0066407584695247655
0.002133181606086927
0.00882031623661869
0.0040462251529280405
-0.0014843331878481815
0.006917367015988292
-0.0027192002006993965
-0.003871616705781369
0.0009888242863878394
0.002791892934519149
0.00494464532087499
-0.009438502632339498
-0.006827354499600802
0.00528592227633458
-0.006706692132057617
0.004805402349847459
-0.0023244278163210485
-0.007585687971896682
0.002425948541399834
0.007269146444120411
0.006553950269426465
0.0033511870038496518
0.003447901640787188
0.0011266991705788398
0.0075689513979622335
-0.008465703313913506
-0.005486893385833211
0.0036888166753058483
0.004176832768737358
0.009066893635854542
0.008478776811135146
-0.004823080841622092
-0.0017889727105349974
-0.0003690259721640987
-0.0009671833254543416
0.005747904514617397
-0.007922663560176232
0.00945566428118977
0.007298083397805657
-0.0030869403268895604
-0.007327991750514047
-0.005038688059644649
-0.006687116232029091
-0.002544933278796664
-0.0014913553444351414
0.0010128377848134518
-0.002645611041584799
-0.0009036782492747997
0.009696956518927671
9.865330524639523
-0.2078390782648139
0.08768677545636931
-0.20600110290220963
-0.20436367576663755
-0.21232371832020194
-0.20413533954230884
0.6416616828336813
-0.2096763938703245
-0.20570079823074658
-0.2112047071542908
-0.20757953346546212
-0.2034473998654529
0.08848297409650255
-0.20395983349270652
-0.20054515953157306
-0.20421616811407448
-0.21224379677037916
-0.20176226686324414
-0.20230522317500152
-0.2088605164996313
-0.2019121495118445
-0.20293776685247297
-0.20266640940512148
-0.20903367461512642
-0.20230417328141923
-0.21108631024288474
-0.2013082916321453
-0.20391449563754604
-0.2122211063868858
-0.20409467745902707
-0.20262912898238
-0.2070941216081405
-0.20064726223217924
-0.20400291694526265
-0.20429521330135716
-0.21543565573335374
-0.21037842448303712
-0.20658814001201253
-0.20586242339855307
-0.21492308827037895
-0.20609129288928663
-0.21618332432688792
-0.2048308007863554
-0.20358250619023685
-0.21427114568663239
-0.21277115109497244
0.07949395618349922
-0.20646502155752913
-0.20838291017837082
-0.21615065326417743
-0.20851510236943943
-0.20416943521203276
-0.20768707571061487
-0.20068483678154483
-0.20253424634605993
-0.20749695941227903
-0.20845407767535065
-0.21618906804756918
-0.2063412314264401
-0.20332758407877524
-0.2148459175322997
-0.20153112117424557
-0.21604084590102446
-0.21084260426130708
0.08903027421771567
-0.20127898876285838
-0.21456961763177138
-0.2138240894850734
-0.21464527751043108
-0.21089779276451381
-0.20422371741107137
-0.20475244781972038
-0.21525724013448805
-0.20523137284533027
-0.20383916124400125
-0.21469225330013036
-0.21370136910228751
0.07960498025161647
-0.21248005410113624
-0.21257280368906237
-0.2085314444073906
-0.21004174128100483
-0.21539469143913015
0.08434966933169673
-0.21190247444951613
-0.20079760716360628
-0.2140398752923358
-0.21195597485260817
-0.20882063530730527
-0.21601108481591297
-0.21507532110005997
-0.20280098708744365
-0.2038132055141611
-0.20512412619208178
7.355151849570648
-0.20671367129255167
2.805443001178564
-0.3244987168880513
-0.332353782665318
-0.33069129447881807
-0.3330277594202988
-0.3231171128405384
-0.3277791961507225
-0.335407806469303
-0.3217792210619659
-0.33440979831506323
-0.32581592131264536
-0.3311910984047937
-0.3238741367834476
2.4059193161432098
-0.3228818642741335
-0.32221553086364235
-0.32794674969772314
-0.3264149203293658
-0.328347897541048
-0.06489198813571975
-0.32454306406940836
-0.33485293658212156
-0.3341483846466996
-0.324313910996094
-0.06653006344312216
-0.05970597708405185
-0.3234926805270319
-0.3253856178473035
-0.3282613349833808
-0.3280179058485046
-0.3262421458464271
-0.3353768213040827
-0.32696389894793537
0.40100320975154313
-0.32947112285871105
-0.3279003650541103
-0.3302013397000319
0.4120200896845337
1.045032576575513
-0.3288171137131487
-0.32565539300915997
-0.061287497853135406
-0.06585040217177332
-0.07082596075600928
-0.3358614216220598
-0.33072195256345177
-0.3307815690293074
0.16545222350054317
0.1740770268759107
-0.3347548398773199
-0.329146664580385
0.17589649567539123
0.44340035209243284
-0.33562233292237115
-0.06119043303922969
-0.32335947950553023
-0.33123357258602976
-0.07221298577485528
-0.33085582757098275
-0.3224986100456957
-0.3311360553193921
-0.32333500040394825
-0.3300802978950057
-0.3227702353301765
-0.33246153097287295
0.17471619145306896
1.9391898551174056
0.9294119779859994
0.4504786991847017
-0.32294768841586263
1.6912478947022176
1.521798372762917
0.902093231376128
0.19444129797025145
-0.33412350259010587
-0.3281467358805507
0.1819197288819456
-0.07869332487651837
0.18112762892370526
0.19309613866125977
0.6797807451540225
-0.33524847677395947
-0.33238530550182455
1.9794434360707287
1.377652319286652
-0.3247116443431281
-0.3299040425797916
0.18005849016712067
-0.33128131570896024
-0.32362712719076814
-0.32639936259704017
-0.3272130354892182
-0.32912230200222586
-0.3303497946538875
-0.3264460260167092
0.692160372990931
-0.32743066097951073
8.30559333957542
-0.3936537589808097
3.0297926155224135
-0.39871064830627484
-0.3972949315202375
-0.3956196549027233
-0.39789336294154054
2.349768404464445
-0.3966604605820627
4.187213278527176
-0.39973510754913816
-0.404451622363294
1.998585481092295
-0.3967233243004361
2.6893887792028677
-0.3990477857807876
-0.3985824022444048
-0.1241269753747186
-0.4009784542294452
-0.12262433682962295
-0.40007398061654625
-0.40524332480153996
-0.3932777206301285
-0.3994247209668638
-0.399081339357697
-0.40361766529478554
1.1510800728257267
-0.4052227622623595
-0.3987247026490586
-0.39400844348674713
-0.39667098966496084
-0.4044696835100808
-0.40061162012079415
-0.4010395498770421
-0.1298691975021301
-0.1337488453631221
-0.39275430364642056
0.13910328722638116
-0.39441798096613445
-0.40578083026127687
-0.39459837209477405
-0.12340355489884859
-0.39391730210335185
-0.4038219172658218
-0.3996803599342831
-0.40160378201953806
-0.404903568120624
-0.39737689643341545
-0.4052241609278811
-0.3986293820041334
0.14781152074075746
-0.3989608987158306
-0.4011598808905565
-0.399452973658082
-0.40365278723997666
-0.3928392289387652
-0.39853635008505656
-0.39477206281918986
-0.3996457352421556
-0.3992796441250556
-0.3929338239469397
1.0831262451168635
-0.3989485089516668
-0.40144674442864664
-0.3979396016989084
-0.40418697212934085
-0.40148398436327626
-0.40232995581724185
-0.3941769412291237
0.6064724322868296
-0.3976440241351148
-0.4001991972280847
-0.39603800453677107
-0.39263083548726435
-0.39819861207996077
-0.39653126769053587
-0.3926984270472656
-0.4041377555332626
-0.40513127159002654
-0.4050372684010257
-0.4012230697412712
-0.3949666211149042
-0.3975236387967609
-0.4008724087825
-0.4050360523118085
-0.40570663953747704
-0.4018205849654365
-0.4049898949114435
-0.3946456684630503
-0.39671452740064633
-0.4033923933946632
-0.4047788763826142
-0.39879961302203937
-0.39343943558882394
-0.39297100076222813
6.584346628448374
-0.13371997885561784
-0.007527679905428202
0.002253314426052868
-0.0036330049833097713
0.0004753862467670289
0.008038302850674863
-0.009109837412724664
-0.002775417044054247
-0.004330238653469021
-0.002952482784122341
0.00668671751749101
-0.0021723115510714755
-0.0036648303503540604
-0.006479568771262632
-0.0046085782391192326
0.0011611274935156258
0.0024218093459263267
0.0018395529801295352
-0.001925647439639
-0.0017764614437130333
0.00360268981660796
-0.0006723438101112467
-0.0011845001983702996
0.003334838895675201
0.006122731121597909
0.00030833196826320465
0.0071232754555434034
-0.0027868518254758226
0.007926642702700272
-0.004074467821764325
-0.0017071466927060476
-0.003843747870115295
-0.006389325131020331
-0.00298900381084092
0.004736821601406855
0.003045233960023983
0.005063008668170859
-0.001057281453496517
-0.0018016895075882266
-0.008946248363773788
-0.007891659344120467
-0.00637008536173937
0.008228054760286855
-0.0021681659020525456
0.009641987677108886
0.006445226096683044
0.00833241816548878
0.009917576010137026
-0.008373546843723309
0.003290441391714569
0.008521759292534887
-0.00796585481635858
-0.006243680723730189
0.0057478736520776555
-0.002395117810917373
-0.002811220102770935
-0.0010621898773916438
-0.005869354435595109
-1.56842341817387e-05
-0.005595432899971314
0.0037084088129783767
0.00124414781630517
0.009451509818998534
-0.00015747068357477856
-0.001498711649159603
0.00670351977447722
0.0013006934846139595
-0.0002943421424247994
0.006617378979515796
-0.0024864093848673188
0.008040158163922397
-0.007190193777006066
0.00020327332856385995
0.006798611412929316
0.00822810410221758
-0.0009464758035983434
-0.006261397373047448
-0.007171326690367331
0.0018930677438998434
-0.004320420995098035
-0.0012243950673444216
0.009441960041942365
0.00372938724594579
0.008961085752143019
-0.0075038199130563156
0.007655802082252599
0.0006168804915358073
5.0526610872523305e-05
-0.006902870981601146
0.004933098596615164
0.006732481794540044
-0.008957045346817339
-0.005073657775368392
0.002342028788625734
0.0023835190679019668
0.008053766152495308
0.0043383040383149106
0.007056870646315208
1.9999831297362587
-0.030848994795250627
-0.03749717999680145
-0.04232688108539509
-0.03170027005808664
-0.03584019656996891
-0.034725102659961045
-0.027409776216691693
-0.03317577523559273
0.2539350480995236
-0.02443681388019396
-0.029945028220252357
-0.03769531651619743
-0.037252822419232966
0.5564086788524576
-0.0391438255639192
-0.04021071914705397
-0.032228270384325186
-0.040374336364997127
-0.03212946566488672
-0.03405666309490837
-0.02524786662953834
-0.031232401399134795
0.26167929826213393
-0.025119242844884787
-0.031163000830082187
-0.03202881716784897
-0.04213349130366297
-0.024220120893485193
-0.04234097870354316
-0.03567604639747109
-0.029445080539205377
-0.03590558536598622
-0.025945961257480502
-0.03030561672164537
-0.03459992824317085
-0.037405584035439796
-0.03188030336132541
-0.037861439816180655
-0.042593590599041685
-0.03663419628663623
-0.033744992154101476
-0.04088849900490239
-0.03614308904173702
-0.038649278229129884
-0.035725419939607
-0.04232091623121659
-0.026332096921851393
-0.035880089081454854
-0.02957250461646017
-0.03877770462674314
-0.03247435720755849
-0.027570134174657902
-0.03683741534717174
-0.040946694780778996
-0.03181127143815792
-0.029447511878142922
-0.037308209371478954
-0.037998269123082476
-0.0315615677018535
-0.02913727328518437
-0.023767579740341317
-0.03779566567281811
-0.039502580519939726
-0.038428954430561914
-0.023900738760618802
-0.03789003688782716
-0.025108617010038897
-0.03315866806974165
-0.03784347480278086
-0.037381583957722064
-0.03993619992255741
-0.024044916383735702
-0.038415979942903154
-0.03204873265655263
-0.023886926966381304
-0.035757380937509124
-0.024332982109004697
-0.024421079368634396
-0.03555780790629686
-0.031143634452140127
-0.024254018785788076
-0.032545880329102585
-0.03658621597672457
-0.026955984960169876
-0.04015114538212116
-0.03185251205187733
-0.03838623536714978
-0.03867051417852853
-0.023423234505207308
-0.023560112454376184
-0.03739319948486842
-0.03622019932443505
-0.03719048261299367
-0.026914353283624494
-0.039695428183001445
-0.0388780492674795
1.3869698467812592
-0.16467311926603206
-0.17304122668862168
-0.17241246851986974
-0.169929635175992
-0.16097022401787747
-0.16810045075053476
-0.17019719911085252
-0.16914408973099743
1.6503896236407805
-0.17324120836679294
-0.16239299184084158
0.3904098168121181
0.11212570267137988
1.4049241597505406
-0.16415541808051734
0.6417194424902382
0.658800647444057
0.661435616054359
0.3797766797453543
0.3869542852970565
0.3912989874934435
0.6526818037946075
0.652350346306208
0.6480518689081213
2.021416443536704
-0.16078587013797777
-0.16490798778510427
-0.17138010269396173
-0.17201368977356413
-0.16250359375133697
-0.16935668378644456
-0.16830854286178532
-0.16577324438606303
-0.15863256914691246
-0.1700383037554383
-0.16457582800633505
-0.1709157474232146
-0.17302673383034087
-0.1661487331733279
-0.1637028429783142
-0.169564439224913
-0.16126066137243686
-0.1707195640088939
-0.16642819378256277
-0.160200232191489
-0.16686847732090834
-0.16151925932434624
-0.16971818866298713
-0.1707932497324323
-0.1678613104145337
-0.17323456849416266
-0.15684373261434234
-0.1733545694984784
-0.16400653071118773
-0.1645606533079607
-0.1727748580062831
-0.16952164455454197
-0.16965660517533726
-0.16205948040496032
-0.1708122344683339
1.3898237035202712
-0.17064129043218274
-0.15748898856791724
-0.1583814436204759
-0.16187779904524405
-0.1678394634627899
-0.16077988190469372
-0.16136614836931554
-0.15887460551601568
-0.1612917877142664
-0.17059022981660493
-0.17047780050756478
-0.16747421489502848
-0.16833793193787663
-0.17034498749490457
-0.17092549712658495
-0.1573139794640764
-0.16112996201118263
-0.1719971568728853
-0.16912816299796526
-0.163550124730732
-0.1575923346150117
-0.16635407067055266
-0.17181246979061504
-0.16487225050675475
-0.1628058931518254
-0.1585042944121
-0.15715002157870678
-0.16562037589565523
-0.16359750741356746
-0.15920821038993832
-0.17190423421819773
-0.17059876882899988
-0.1577972010429194
-0.15780294324543984
-0.1654568215002115
1.1931936171506317
-0.12934647267087404
-0.1424877878440667
-0.13787688587971014
-0.1293406429772435
-0.13252903485128512
-0.1310485354293027
-0.14500397303268683
-0.1302642187137089
1.2148341176648076
-0.1459904346265571
-0.142340122199591
-0.13490676505907992
-0.13462808287667793
1.213760435213685
-0.1391180815098535
0.4131326127819446
0.9396958103602653
0.6890452577040244
0.4179061498993791
0.9500706053021515
0.6913943686922869
0.4171268167428077
0.6941517757851794
0.6976391811732893
0.14220944965203097
0.14114219943503975
-0.14549665586040675
-0.14427222424454952
-0.14195140997664946
-0.13176733181981856
-0.13618259999924137
-0.13762652643845646
-0.1459761294354696
-0.13320856898329206
-0.1441118465616263
-0.1340415996954871
-0.13484302482238433
-0.13466081143491762
-0.1333512626746416
-0.13803587104384482
-0.13104103094229408
-0.14017718684609667
-0.13470619857751784
-0.1363858220421563
-0.13406047979644067
-0.1376741178984807
-0.1334589267551943
-0.1455145708850198
-0.13923189904712555
-0.13350917615313126
-0.13031569290380202
-0.13015145002028083
-0.14275046917360643
-0.14582435463522656
-0.131466828988013
-0.1328814510668344
-0.13008869211716054
-0.14144230620950238
-0.14016969679473576
-0.13105268757167995
1.208623411140453
-0.14126324959815847
-0.14259941408708945
-0.13831778197722555
-0.13403918915865912
-0.13662413022452774
-0.14044356286504686
-0.14363661407076203
-0.13791328373491116
-0.13997961055729483
-0.1430931245473371
-0.13106416119410988
-0.14275374469972937
-0.1394519399713065
-0.14294135641658196
-0.14577644619307803
-0.14273166538522275
-0.1363548365534911
-0.1299237118741076
-0.13574741029699922
-0.1414221092299445
-0.1395852814539428
-0.14152433884232818
-0.13552473859471767
-0.13381912125422987
-0.13542014841658667
-0.1308195542986566
-0.130250464576111
-0.14306312856552797
-0.14420559283737286
-0.13939926345693118
0.1329808653269547
-0.14514327541115446
-0.14182772098515364
-0.13644453280232935
-0.12930597208402295
1.2860648885743595
-0.09686175229096017
-0.0883698906825378
-0.08580908391431928
-0.08649642670245712
-0.09508389189421819
-0.09036216291860455
-0.08768369416783323
-0.09970271433755144
0.2059208824870492
-0.10126813437738443
-0.10160412195617602
-0.09525182548502428
0.19469587799503418
0.7698710527533146
-0.09223534377545531
0.19519674498739964
0.18284100914584664
0.19073969274033722
0.18884658833360024
0.19992598813496057
0.4803964113994259
0.7346063395810609
0.4759081877056754
0.18940600742888958
0.19256983232011707
-0.09087830308004814
-0.09894092053757923
-0.08602492174213962
-0.0878905548161962
-0.0879400483502781
-0.08711695521360434
-0.08459505390633182
-0.08469479414489266
-0.08775263859296703
-0.09081502869063206
-0.08973753911421815
-0.0847217109718127
-0.08982634432083104
-0.09900065589854284
-0.08933801962574796
-0.09142562999439152
-0.09863007397016824
-0.09510111265247799
-0.09322965376387894
-0.09655913263499424
-0.09919226831924266
-0.09045562733205573
-0.09237591807883494
-0.09936322447285595
-0.09020419019824182
-0.09533265253662435
-0.0864441822934757
-0.0982498673488097
-0.10138404488829224
-0.09805943344923428
-0.09488749821351385
-0.0928800990956072
-0.08812757867231026
-0.08849934044591125
-0.08487263833262992
1.3108277316586978
-0.10142352005734885
-0.095791088535832
-0.08859970946133063
-0.09276960916481523
-0.10184553214587976
-0.08682152425771353
-0.10208693055452225
-0.08570666128590472
-0.08423826389897708
-0.10145126847712138
-0.09610786369142718
-0.10034387031201956
-0.09983900205134585
-0.09937892769644502
-0.08890452218577966
-0.08986526222503535
-0.08744374293003485
-0.10091386546767832
-0.09276518966108797
-0.09558909221003742
-0.09486828830545496
-0.0995232612388018
-0.09251244034971634
-0.09040769625835608
-0.09656858783892298
-0.09657236016559416
-0.09833720203600597
-0.09049047122862912
-0.09185532228051631
-0.09345407720511881
-0.09383459075309948
-0.08947054127521117
-0.0892388365785276
0.7467781364258599
-0.0949006438401848
1.2692148079312864
-0.10273525097108228
-0.09898961291885534
-0.10135156938628309
-0.10042427220700217
-0.1038836063829673
-0.10159921644002708
-0.10855619416167488
-0.10192187864186764
0.190278173451554
-0.0990534826424193
-0.10664407366809167
0.18028349687927053
-0.09772561856610992
1.2996289167116173
-0.09605191765669496
0.17555435202427305
0.18527999404511944
0.18270888296584437
0.4538846445408109
0.18568811178919356
0.17515372336783902
0.19048647602175092
1.2416371444206415
0.18661053040350736
0.18524091990220753
-0.10780342005639872
-0.09704791385062385
-0.11210011851103883
-0.09892336874422314
-0.09885726377790024
-0.10734560597980629
-0.09623604227954712
-0.11171518939331118
-0.09507675509200243
-0.10163478563904345
-0.10941472919196248
-0.09907440947575574
-0.09876217045107191
-0.09679905474680452
-0.1088482503793328
-0.10043396077598311
-0.10150371513628188
-0.09752211347271672
-0.1016392809907613
-0.10576346985151909
-0.10997863530870837
-0.099044593603863
-0.0993875312326257
0.446715124793776
-0.10772883848394271
-0.10071048228349185
-0.1098481375784722
-0.0988656490508372
-0.10230222330002471
-0.1009897114426627
-0.10075726280155836
-0.1003915316781164
-0.11056908888265704
-0.1061001886062911
-0.10478523502575085
1.0198188719723535
-0.10543121636778269
-0.0967582952261732
-0.1087470690668116
-0.09852932058687397
-0.0967234500417948
-0.1080885038371205
-0.102254909840606
-0.10784138197367664
-0.09539976601371676
-0.10746694562891401
-0.1119081261752195
-0.09760201288311587
-0.11208579452019828
-0.0948513854054245
-0.10785879617929829
-0.09896598401655762
-0.09998695847889744
-0.0954508962039543
-0.10105175730086208
-0.10341642649379718
-0.10073682828938976
-0.10416158852668356
-0.10939537002767721
-0.1085126358991428
-0.11244553473564281
-0.10663465706343869
-0.10503333410981411
-0.1070967402100065
-0.10460177040881771
-0.09543007327045176
-0.11234620608484382
-0.10422905112999142
-0.09785006131364593
0.7339598409438832
-0.10581609855159256
1.6274019116336984
-0.0558244916900208
-0.06335237493308919
-0.05795438213475923
-0.06866523462928416
-0.0687782870466538
-0.05748881726443801
-0.07333044762613904
-0.06248563142377126
0.229864831877674
-0.06500845794490842
-0.06835446977574515
-0.058526201455173156
0.2233522838052281
1.3626675078134693
-0.05656205925520584
0.2292690624652396
0.5149848958014069
-0.06691652756852358
-0.06143264308511275
0.22749763400463272
-0.06150262422318487
-0.0633044719600735
-0.05936291061624164
0.2147165311461136
-0.07299097564815359
-0.07409137223505799
-0.06554017021404719
-0.0733224056145936
-0.07368361137994733
-0.056748505504892494
-0.05606514237939773
-0.07280825045634069
-0.06113468987226407
-0.06313640192907997
-0.06669729129707452
-0.07110601443464408
-0.07137131914117219
-0.07402376563032141
-0.06336950767725671
-0.06134682613892409
-0.056977745760736255
-0.07297895846605468
-0.06688715377506223
-0.05584255033421514
-0.07381749936128305
-0.0716778041049245
-0.06401373003190218
-0.06580680909118694
-0.061216513919267565
-0.07009544377585011
-0.07000975855696596
-0.0587901124085551
-0.06101996264898756
-0.07406448780918148
-0.0594011788191
-0.06936095318443455
-0.0683396414983206
-0.07116265910057833
-0.07217414682503588
-0.06790648619997378
0.7985668755288821
-0.06417556511881604
-0.05815739437278372
-0.07289549726950287
-0.06778510002728273
-0.06197202368143965
-0.07262985733089874
-0.06738634715930256
-0.07031577889953537
-0.055664003378485455
-0.06902498535369372
-0.05752790185223165
-0.05744545493895948
-0.07309685649709816
-0.07205040581856537
-0.05655438870459827
-0.06425078368484509
-0.05745750572744308
-0.07092139785142515
-0.06717629880838427
-0.05628703169399389
-0.05871587899591345
-0.06218594980318469
-0.05774603137979289
-0.06545694016627253
-0.0733007367155643
-0.0699660438763706
-0.058250838225762124
-0.060407051245140106
-0.05721819751714207
-0.06904863762199809
-0.060924652749313316
-0.05757270106216436
-0.07065666941438833
0.21425822060793195
-0.06859890068662489
1.3770219489689455
-0.055895979029499776
-0.053745870662942036
-0.04518686630569429
-0.05573148523135093
-0.05863971667124281
-0.06205333923691208
-0.05806841688396883
-0.06201559685615223
-0.060772140524831736
-0.06161351365213196
-0.05112699463355372
0.24296666726175506
-0.056672462991580415
1.1179444380092425
-0.05286734238956156
0.5274586296262717
-0.058469195125571534
-0.05939399716736122
-0.05235085006001577
-0.05395022092574939
0.5188805871268269
-0.05137428013631165
-0.051295400783338094
-0.06166297741331717
-0.054607210689141636
0.23804822018698868
-0.06060539889370687
-0.060263563971966756
-0.05142055446107828
-0.06303166874871222
-0.05061637508962491
-0.05749903949765178
-0.056966557135509764
-0.06273053703430977
-0.049998574470283434
-0.04731832927576065
-0.054963991570376354
-0.04610299062665186
-0.05427159483386424
-0.06079711018812471
-0.05839859571006454
-0.04636565666936295
-0.04774925079015508
-0.04957185315091346
-0.05498894884031142
-0.049033265587124744
-0.0525573907210263
-0.054966313978203694
-0.058172691507790635
-0.04805963957023072
-0.053800526154752004
-0.048499404543352755
-0.04985158721931158
-0.05257023266675288
-0.061006583494028356
-0.054204673852089456
-0.05239712943428008
-0.05802451128026403
-0.04640442720395616
-0.06316067019831943
0.5309547758051912
-0.06027778281580632
-0.057514544109944526
-0.04840695967667024
-0.06281617377477729
-0.045683024250359805
-0.04866074822745963
-0.048160640479729955
-0.056107102078898005
-0.05377226464671579
-0.0594253369533275
-0.05927225193240023
-0.06199539314474853
-0.055143029620366074
-0.062269873586981474
-0.053139781122776
-0.04810916244019789
-0.04585021260092858
-0.049756781899044915
-0.06148089665737231
-0.05249748385162318
-0.06273959299558166
-0.05437872636712668
-0.052775797499828615
-0.05458299093912644
-0.04995801574965935
-0.051412097022538544
-0.04972932298955468
-0.04717201644431326
-0.044692337475386076
-0.05199308312244589
-0.05121593163772753
-0.061393298455922334
-0.06152904134352534
0.2324553854324475
-0.057289686587506425
1.8877569647892436
-0.0663409635182479
-0.07047320491139059
-0.06102449052408008
-0.07596542545142253
-0.06414653528922871
-0.06822167243602681
-0.07373139809893821
-0.07294950646627069
0.7869274894249073
-0.0731802243137743
-0.0641119234308498
-0.059614263529088524
-0.0592609768702763
1.3660433347005039
-0.07176468130211047
-0.0728877893970717
0.21723534228058994
-0.07477412894475176
0.2135709927439245
0.2203451203073401
0.2113404498354354
0.21871360971858828
-0.07319073671838362
-0.07455722631324911
-0.07146634923438823
0.2256365715611994
-0.07656201938826356
-0.07424214301014642
-0.05829314986855576
-0.07376502117917763
-0.06712683269852245
-0.07535155029166936
-0.06445550823129022
-0.07597826639716782
-0.059678541070483496
-0.07070818465933652
-0.06620572718124042
-0.06859060605864123
-0.06898064069068745
-0.0684318149141363
-0.06772330152674555
-0.07255343209408166
-0.06791950206127192
-0.07679075204984678
-0.06041091077444909
-0.07385542384640777
-0.06954105454184624
-0.059110638236542834
-0.06142519131565195
-0.07044000808442037
-0.06516899873906148
-0.0706007982930865
-0.0623580899985436
-0.0750489070071642
-0.0665543705011071
-0.07433579353781816
-0.06524001120702497
-0.07259543315908165
-0.07407413986330001
-0.06082330627668615
0.516270236073729
-0.0761957612558229
-0.06808387294701926
-0.06767340332842814
-0.06258959507603107
-0.06338585083161084
-0.07102460981870433
-0.07289175131571209
-0.07041911779160737
-0.060327781512936315
-0.07181264710234564
-0.06075310700373797
-0.07405563353457871
-0.07316468429644422
-0.0744244508080665
-0.058297770951432425
-0.06838169672915584
-0.0741173111944655
-0.06529070652518781
-0.07547405535704063
-0.0660987086723121
-0.07576059541433136
-0.07610741982670764
-0.067766104930392
-0.07362158872773229
-0.0703079961077003
-0.06099270293708066
-0.06929503342636271
-0.06225629782165594
-0.059800329679158305
-0.06999008944757125
-0.06738649301483587
-0.06376765437326272
-0.07365468933588115
-0.05981946283761845
-0.06665765373839562
1.3972799751189033
-0.033331577233125964
-0.04255609879209378
-0.03399898254656984
-0.04455599543129775
-0.04156514846826044
-0.04057078954541329
-0.03880609772222194
-0.039111073450258785
0.2586168515104339
-0.03861893896021282
-0.05115527507044341
-0.04361525186841583
-0.03715517846176194
0.8410986298596307
-0.03998964816549365
-0.039359854269806926
-0.04407522098770328
-0.043692640870816396
0.25506650330172964
-0.035749938630273335
0.25407288431609126
-0.04802051621709398
-0.03305701385254784
-0.045758313740689095
-0.050763127379699194
-0.04458961300927974
-0.03378997337439494
-0.04300868023697855
-0.04127790727268286
-0.04342187982454587
-0.03500430431583778
-0.03648450067726582
-0.035556108716748955
-0.049885757530153375
-0.037408238741174764
-0.04470041511281676
-0.04342038200560624
-0.04575860780597133
-0.032530399267538104
-0.047858525414167456
-0.04782387030270294
-0.04677276272310543
-0.04341840774760182
-0.043903972342393946
-0.04707901587534166
-0.04117922163477592
-0.03446908305306723
-0.03486824973271152
-0.05153988620042623
-0.0383174494491317
-0.04319103246313071
-0.04227524232135313
-0.0353496076351881
-0.040877050674869804
-0.049025284706600204
-0.04366073029817337
-0.03404328673258072
-0.046818912656909364
-0.03976459479199514
-0.049233829683189866
0.5399123200708328
-0.03777361798929689
-0.043778588275139876
-0.03597427320660266
-0.04814636289073538
-0.034739023548443736
-0.04816065660347204
-0.04337198517379254
-0.033984685303991145
-0.03294471146582942
-0.0369408212451221
-0.03335344482981223
-0.03417697046088059
-0.045758626433498636
-0.040316181858985625
-0.045580431093043085
-0.04780219187179085
-0.0333235837663347
-0.048539764120596594
-0.033164002572339556
-0.04044386100490959
-0.04661224470127882
-0.051587209250914964
-0.05151294352931529
-0.03602039932114148
-0.049391783050862684
-0.04103212976552257
-0.034822541250893006
-0.033567729111170806
-0.05091901281134876
-0.03482464460778206
-0.04176796579628104
-0.03541763417215098
-0.04260305701128768
0.2481252284805336
-0.03849051455153527
1.3945991199966707
-0.04861607356460368
-0.044395902554963326
-0.05586224899678338
-0.04293554954540385
-0.04889322089937519
-0.04624610782874399
-0.048472278491555415
-0.05229622872772617
-0.05516947091826131
-0.04503243148766018
-0.053570882092437634
-0.05852174206020649
-0.05986323101791124
0.8256185567174819
-0.0577442366269618
0.2309591569830621
0.23950533020218742
0.8150085598257517
-0.05249815184442546
-0.05844114201228592
-0.04787984458358695
0.5321770667118826
-0.04236839264084497
-0.04210958943324285
0.2357476233067865
-0.05260599885703438
-0.05363067019061952
-0.0501916279780345
-0.053554452105934
-0.0471628614418715
-0.053151275149319555
-0.05472762682649847
-0.050872667212118514
-0.04485082606219344
-0.04677352533584522
-0.058751118720045487
-0.05234608131258033
-0.04790878697030744
-0.05198212760272713
-0.052622381060827506
-0.05981437313565789
-0.04653545362694259
-0.05486644917850332
-0.04535503215723006
-0.059066856658694836
-0.049257901919697714
-0.04492544824888905
-0.05209224841577496
-0.050073844587121545
-0.046380618497015594
-0.048673517623333225
-0.05066168701782021
-0.05604664756865864
-0.042424510924767594
-0.041987663401015916
-0.05680350499690358
-0.05647973221139057
-0.044373068340169686
-0.059203797093279005
-0.05591766698259291
0.2342036495680872
-0.05773185160044118
-0.04743600383428062
-0.05082832091598647
-0.0499594840103147
-0.05011835951033444
-0.057344884930589264
-0.05207698303948965
-0.04999092470777449
-0.058235893393398214
-0.04712454103578697
-0.06033493622270499
-0.050382849839347064
-0.055227780147516135
-0.05543778111964764
-0.056408266362593995
-0.0529002716764368
-0.04255427454980391
-0.04519466140301146
-0.05261959212447748
-0.0479820626562624
-0.044136527748733584
-0.05041528850005732
-0.046739858642062856
-0.05008615169655821
-0.060015565474153765
-0.04918292188838579
-0.05103556340404754
-0.05372913474092158
-0.04377337923024234
-0.05410765788542078
-0.04492713767073837
-0.04214370346426495
-0.05535976438058599
-0.05421277761868642
-0.05527095926427986
6.8866279211683095
-0.20541769888101682
-0.21076472028935156
-0.21116068322355355
-0.2070417546585746
-0.2109032447698034
-0.21121913355424987
-0.2102266339659293
-0.20071053388787885
-0.2129874600270829
-0.20355504446972272
-0.20435527141979878
-0.21199190079909455
0.6500300348763345
-0.20272865665851383
-0.2010162853335656
-0.20534373213595278
0.0642351499664798
0.06806121772138889
-0.20302408145891673
0.07128803302248696
-0.20672326758659015
-0.20454476541402797
-0.1997149565572806
-0.21168353039535087
-0.21370710138018217
-0.19808220059986034
-0.20236941972824488
-0.2032814613414104
-0.2119719274608569
-0.19979554011723547
-0.20674019302864124
-0.20071037597879995
-0.19996626892534716
-0.1991265448962439
-0.20604540505254262
-0.1993706597935366
-0.21064503989558847
-0.2103549909577092
-0.20532655294459898
-0.20914263909379463
-0.20821604168352742
-0.21350858793866104
-0.19961629025818148
-0.2138222516078843
-0.20250300895579065
-0.1995981693474239
-0.2066526675533966
-0.21255727299606358
-0.19820576969561496
-0.2132158019121216
-0.2131267584022082
-0.21355709019536234
-0.20955548610898103
-0.20000384416838046
-0.20710291847420254
-0.21380725866934383
-0.20422418600802403
-0.20244146216945658
-0.213544267921502
-0.19974609520000514
-0.2116572638296428
-0.20395459946719427
-0.19909028635324888
-0.2057993460668629
2.5751747466587562
-0.21379319780646178
0.08002977583471807
-0.2058772475969531
0.08025689004341935
-0.20048007215243568
-0.19884596490316497
-0.20850622731926277
-0.20602788836208474
0.3666426530050854
-0.21143863884007763
-0.20746271600768668
-0.21190570366004724
-0.20564633044084774
-0.2082926872677606
1.84726245643396
-0.20770428395836849
-0.20396345203417052
-0.21181163640797257
-0.20565897770793073
-0.2086533850739688
-0.20758792014613942
-0.20820629860648532
-0.19786408983740394
-0.20217744689856054
-0.19946195307547582
-0.20031876798198428
-0.19867799575796435
-0.2119743352976675
-0.21214257107155587
5.018249030057634
-0.2112136723653516
7.889544460890808
-0.14638949968774112
-0.13432870473037442
-0.14575111560889617
-0.14541858488599424
-0.13377004518997945
-0.14155598925253776
-0.13954127212262174
-0.14731241507566978
-0.14277432677195734
-0.14838252808106053
-0.1363299504210853
-0.13736255263443872
-0.13787133000603005
-0.14424774311482647
-0.14911312614975347
-0.14138158045549715
-0.13378372957613427
-0.13368047858259802
-0.13270550102978632
-0.1430188889964308
-0.14445408211536756
-0.14554334197179528
-0.1345348823766592
-0.13446412818474224
-0.1341120545104254
-0.13559649703153656
-0.13768994388201425
-0.1367266976801175
-0.14392386052441183
-0.14103251595043814
-0.14157078493884376
-0.14156760513387193
-0.1462183903371982
-0.14753197837751128
-0.14727048353497343
-0.13690642758730925
-0.14821318557647936
-0.14227721466565096
-0.14244319434059868
-0.13963683286556458
-0.13305525073721006
-0.13521100751808543
-0.13459801561451348
-0.14140589516738328
-0.14381980888261942
-0.1359761846217381
-0.1490279162243216
-0.14763587680361134
-0.1371626860465252
-0.14073621928054425
-0.13995564699171686
-0.14011995674431335
-0.1356515706358683
-0.1336795582440351
-0.1435632068799323
-0.14354579756808988
-0.14352728363837847
-0.14323891964531424
-0.13869188706853855
-0.14429275327496743
-0.14257406845493625
-0.13441384115023017
-0.14404830286947828
-0.1370711499032737
-0.14427353678867771
-0.1443167515077002
-0.14410791527644934
-0.14857426502096455
-0.14400172282793783
-0.13636672714552264
-0.13788403129891474
-0.13949030720715955
-0.13262131526877588
-0.1496773730236424
-0.14864674249656187
-0.14799692573905945
-0.14407241105135216
-0.13541957987763695
-0.13853891612694066
-0.14529977086512247
-0.13670756850022517
-0.13990488850326854
-0.13940187967361986
-0.13409257799056126
-0.13963572898562224
-0.1343135503647082
-0.1419192495005706
-0.13429811142105627
-0.13830708431026567
-0.14077036507830748
-0.1403115584727597
-0.13873041848918652
-0.1430920004668606
-0.13806504077494058
5.5418651523051805
-0.13778285775438687
-0.07372021850777892
-0.0634388397129674
-0.05855669321625648
-0.07099706109731632
-0.06524111401297045
-0.07406173199074725
-0.06098424850331137
-0.07192245771367026
-0.07083327267213482
-0.06414174959605146
-0.06493531726363466
-0.06931589087114208
-0.06394409050991348
-0.0742830507182692
-0.06533128979672548
-0.06545308282758298
-0.061415511361410505
-0.06181204775909852
-0.06167469140174125
-0.06899740969548765
-0.06657960451380011
-0.05916358680989566
-0.05899492308436838
-0.07523261445574479
-0.0713809911991279
-0.06195256703365744
-0.06531650632653044
-0.07192230030775669
-0.07312877211592071
-0.07546614599592674
-0.07425390838500502
-0.06558505232590084
-0.06783699027894828
-0.07090842466096156
-0.06944626822662774
-0.06140574859249219
-0.06882345789035435
-0.07110977933986763
-0.06860482358766459
-0.057920263010738826
-0.060989040236757365
-0.07005792373430217
0.23286358263318596
-0.05723263024458114
-0.05981682713508317
-0.06993775605834492
-0.0645051636261688
-0.0671346301029655
-0.06974878316406918
-0.06397964282161414
-0.05731255505991048
0.21428827477303145
-0.0716473125520515
-0.0616678681547538
-0.05828515068660663
-0.06619757066461147
-0.072163686312494
-0.06432520126925079
-0.06455130197430753
-0.06097175413194269
-0.07206757491245301
-0.06647529397832341
-0.057684179384723394
-0.0727044522795986
-0.06852684482610807
0.22418373808674438
0.5047145744259939
-0.062477024416448715
-0.0715468695945324
-0.06756734639238232
-0.06133317233269328
-0.06359001942459633
-0.0665819105006654
-0.06725602150358881
-0.06577769682099603
-0.06713073434283413
-0.06132863857782766
-0.06517960831184627
-0.06751850910340489
-0.06472550880853051
-0.06456535114812165
-0.07196315872639357
-0.07137673103043518
-0.06669053629669183
0.5135274940086331
-0.07442934335315365
-0.07045233532521988
0.22805057886916574
-0.05961722692777437
0.2144956977570693
-0.07087272251365753
-0.07033640059053257
3.7908803300345246
-0.059050683386435
-0.05799452947849267
-0.07257761406827323
-0.05915426633257728
-0.0049463321754696764
-0.0030854343553169163
-0.00039730904368088463
-0.005668798159875972
0.009967939864823852
-0.009121139412082615
0.0046238556039205885
-0.006558731601991499
0.00734198435397176
0.009970495018597482
0.005410520189169257
0.00034256685020175095
0.008183114018658516
0.0064930775812120835
0.00891040640147362
-0.007999188421519808
0.0009895956157230735
-3.0112502595915914e-05
0.009335526399305799
-0.008576017417532684
-0.009986718528844987
0.007006227215609764
-0.009300386104423112
0.003333291082769765
0.0056073980187701915
-0.007894040960548505
-0.0005950582139144034
0.004548180813345273
-0.005343475876063917
-0.0030410910310927643
-0.004307970219873498
-0.00278565392032454
-0.008301569975807147
0.0013464876955664874
0.006705459310823476
0.0031461467668376032
0.009844988447632288
0.0008709186147951176
-0.004557286135487968
0.002565437838686866
-0.006171741135965287
-0.002714512094048749
0.00709990047037774
0.0010631350582996314
-0.002410431457865554
0.008056959167238857
-0.009713061240765593
0.003039745212706506
-0.00348460316112301
0.0021292988915884536
0.0037536529516652875
0.009267655732226066
0.004541541414376595
-0.0054119813292386335
0.004233846130117676
0.0005235326089381643
-0.007655964487726064
0.009930530291581535
-0.006530018480956779
-0.006508232995219536
-0.004428078753538067
-0.007033173688025805
0.0010210605114920513
0.004966354836797822
-0.005896385137697817
0.005863563525158095
0.009231791293410842
0.002336351903992102
0.002317226588467638
-0.007661762020937772
-0.009317143357920957
-0.00911905325866202
0.007290225281001983
-0.007219294718882956
-0.0005782184720238748
-0.004519332229850963
-0.0026239211191701607
-0.004615405502103578
-0.009407766726069695
-0.007911540264564228
-0.00017044370755423533
0.004049857469408065
0.0015235972583261016
0.004468017123215431
0.0050331332846102516
0.00603547563451369
-0.0012499909579653612
-0.0012596954358823043
0.0024580884642862034
0.0008991148655120452
0.0016148984206847562
0.0006738582702100038
0.00829008922718395
-0.002962245971051922
0.002994877188131926
-0.002808292152366374
-0.00976368133557694
1.6246403196332366
-0.06922334934061587
-0.06209412090751558
-0.05506297148072911
-0.06888998748811202
-0.06092211486160811
-0.0653959014333808
-0.06756995102496272
-0.05823854522798526
-0.05957277144453492
-0.05809661477408673
-0.05796766205009776
-0.06910663135233372
-0.06362956901341829
-0.05506399788942891
-0.06057321256203096
-0.06527166879236236
-0.06418660177815945
-0.05755598609674806
-0.06779500925404335
-0.05411733312176556
-0.06101040344551254
-0.06846555619815013
-0.05513313861354346
-0.05327740185551248
-0.054535515274194125
-0.06233679565868711
-0.05343086364720878
-0.06152380590453643
-0.06683766922186102
-0.06850093509625746
-0.05206698176101847
-0.06985819025268
-0.05601143755959366
-0.0678579008349193
-0.06567344638780716
-0.06860516739900949
-0.06688264906221353
-0.06724389910105132
-0.060017375854222045
-0.062471385104059696
-0.06554822322050788
-0.05867196608656075
-0.06700155850109055
-0.06073202229159098
-0.06030019619941577
-0.06796487063432073
-0.06535386705326682
-0.052345909689096956
-0.06152530821885059
-0.06465953582399879
-0.06477417350623964
-0.06289317082406666
-0.06658637382968748
-0.06418926193854273
-0.05653980713846105
-0.06815926798989001
-0.05941484241995398
-0.05874918885093622
-0.05758601037885614
-0.05582055905747933
-0.06613081940634685
-0.06653929852457674
-0.054147384357084286
-0.060468787512196635
-0.0542574258408107
-0.0629979537413308
-0.053238303496793545
-0.06590342949020028
-0.0527452938374794
-0.06366440569630745
-0.06834373954944724
-0.0619029343892761
-0.054744523247543135
-0.06740246443597053
-0.05887960822014709
-0.05416777065023015
-0.057935423464165255
-0.05472907093660077
-0.05461408244337093
-0.05408176209136783
-0.06785687217826125
-0.06733821143153416
-0.05541417156388101
-0.06622766094722812
-0.05727327003793019
-0.05905277988452589
-0.05797587587146023
-0.05933397133621189
-0.05617613275019239
-0.06976835940084412
-0.06804933933128428
-0.06209046952669979
-0.06520785347866237
-0.06864587102578476
4.1992197094730015
-0.06744886089060351
6.564449091989363
-0.19798463922819629
3.415118876093626
-0.1986714119553565
-0.19553762971740843
-0.19123393927720103
-0.19498370535948098
0.6261267857805166
-0.18368988698746722
2.7695594144846476
-0.18520311498652114
-0.19040850105764867
-0.19117966887069038
-0.18601956006799597
-0.19016438812183648
-0.1977600869635369
-0.18303509366547102
-0.1900241385194306
-0.18444161284421498
-0.19146606913527867
-0.18731158691555494
-0.1842453304032437
-0.18999058436950933
-0.18701202830757757
-0.19579648975376532
-0.19739841254898838
-0.18483892876513772
-0.19251603488730176
-0.19133184110186818
-0.18477624093705666
-0.1883780323523438
-0.19262693633530226
-0.1906593265872739
-0.18469006425891402
-0.1921262928783609
-0.1975368600536986
-0.18685805323611368
-0.18393065223653618
-0.1985932589552908
-0.18304305758244224
-0.18426301662825445
-0.19198419321019444
-0.19758665062166747
-0.1877442031426272
-0.19396772704004936
-0.18540437632883602
-0.19684802266296372
-0.1933771772019592
-0.1892735019590156
-0.19213219103384707
-0.19279627522359533
-0.18366646069192388
-0.19787436782473022
-0.18328051799610992
-0.1956832589472979
-0.19895182230567915
-0.18675971337464883
-0.18917147216745359
-0.1927805766426009
-0.18539001363568341
-0.18374074604388474
-0.1846029978101857
-0.1936017203323767
-0.1894156365439522
-0.19641263382803376
-0.18284989179032968
-0.19201433488827524
-0.1895525725088412
-0.1840051619206997
-0.18997315780692353
-0.19085867956109928
-0.19288496328421795
-0.1967615202796802
-0.18475973121853154
-0.18813909836041556
-0.1845646982568229
-0.1902556075171972
-0.19229243353467418
-0.19295838143554675
-0.18926308449551152
-0.19630794558536907
-0.19530743557248814
-0.1840314742793736
-0.18869505723513802
-0.18353742272829443
-0.19241533169917927
-0.19863713628858073
-0.19389002551566514
-0.18447126106489978
-0.18650564194523384
-0.1830340793986912
-0.18810390628904197
-0.1866588390445125
-0.19678386009839063
-0.19177183483407892
4.174236410771346
-0.1850519174529995
0.0007547691871156092
0.006034317282839484
0.0008448644342372957
0.005889290374968812
-0.004813004263643988
0.008773668902882734
-0.003903713757889216
0.0037598562255434054
0.000640061200419515
0.0043128389650846175
-0.007627039931477528
0.007443551903565242
-7.987353355785931e-05
0.0033983958077120693
0.006756254079487905
-0.00798701542388733
-0.006308853641077301
-0.005931829783971689
-0.0013524150775006127
0.0028746193928504615
0.007623541246165846
0.0037629477076312214
0.00012650022001978956
0.00961377463838706
-0.004697490596314005
-0.0021837319059823178
-0.0032773246426677696
-0.005047464297031301
-0.007742032712942679
0.0035327175232694884
-0.0032724664390939174
-0.009954201369353021
0.0025735130412589237
-0.00316004376598757
-0.004289440783825207
0.007441142598531922
-0.0014433368984804761
0.003154031679358016
-0.00567495767331166
0.009517847558924389
-0.0011334204068878973
-0.0021615642522631573
-0.0024705204394773706
-0.0034677258950881872
0.00749253285377735
0.005391993813358776
-0.004638864820747608
0.006261447469111754
-0.007925661292858719
0.009051972979033127
0.0067470809829497025
0.0012682743111464424
0.008374566876515244
0.0018228057923651987
-0.003097603819424433
-0.007655902280050344
0.0038800254879170185
-0.005299860425525591
0.008034351129924781
-0.005950059648025732
-0.003379377902818788
-0.004813075695772371
-0.005786505058403604
0.003809956649051962
-0.007676472847552673
-0.008463683954947229
0.004673335741859725
0.0065758080788899465
-0.004193203061960331
-0.003318164275361306
0.005288678751466827
0.0038351129281857356
0.0048761284476728055
-0.008170383280043105
0.003968422945099561
0.006817239194748073
-0.003072167038185274
0.005908801643599075
0.0080943196285203
0.008865422050769588
0.007121914836075461
-0.0014208805811821335
-0.0038856537917171877
0.0030921742892100613
0.00875755871355786
0.006597100342913804
0.007659737349872791
0.005499485983011197
-0.005309409969302927
-0.007500086212354671
0.0004974572924708331
-0.007727888422621912
-0.005098745724725426
-0.006362420937535989
0.008220249948698678
0.0076430464015906875
-0.0031301538394220164
0.7997094793249679
-0.43820125406048527
-0.4343390509325439
-0.43732099035935346
-0.42693761566288324
-0.43337026749019036
-0.4264967943045168
-0.4330258902619009
-0.42667000054082665
-0.4327883427243674
-0.4332613516066443
-0.42769605986536474
-0.4300737825326328
-0.42798935529272064
-0.4342508792216377
-0.43339527111628573
-0.43445538716290055
-0.4347394279823287
-0.43602133324454384
-0.4302048279335376
-0.4271316609194092
-0.4326086929720501
-0.42660238812627715
-0.4287850772921162
-0.4308605207878615
-0.4324419355072451
-0.4273557495977424
-0.4285666129843248
-0.4338488158702657
-0.4358926409610632
-0.4376068682020256
-0.43244871573494487
-0.4356418102247359
-0.43744307127036697
-0.4362316213160715
-0.43420207380476394
-0.17572247037604963
-0.4352280116064086
-0.4264897650014329
-0.4299654047064729
-0.4377496546827401
-0.4291195488995012
-0.4269822647037584
-0.4286985997533932
-0.4323389892585362
-0.4328211702224473
-0.16215462075589285
-0.4268982298656931
-0.1688851433221366
-0.4260738364672406
-0.4348490014241534
-0.4326931076156825
-0.4342724910066301
-0.43429577757559573
0.0776843472033747
-0.43198458130583883
-0.4326323001092814
-0.43014108899564824
-0.42772451468599076
-0.42723757147042635
-0.43046533039651497
-0.4341331769384412
-0.43627626189254515
-0.42833255246502605
-0.43391777990637437
0.057403088233861636
1.9916780559751983
1.671643198603737
3.0594458938675397
-0.18529404197463845
0.9728274707536401
1.9963338517560811
-0.43146528781234494
-0.4379182002743683
-0.42737145370416424
-0.18600498882780475
2.483399401595827
1.8169554488419954
6.312671892776967
-0.18542815619231962
1.9905258787292546
-0.43120301164099883
3.020700975898087
2.6451543723563224
2.1909868893474576
1.910570067129201
0.07007184826143964
-0.4317410671839488
-0.43099579784512254
-0.4348978362055229
-0.4377779853000037
-0.4377093298835718
-0.4303462831101001
-0.43582958442122705
-0.4278151678014826
-0.42629906517745053
-0.43216343821059766
-0.2373271332211168
-0.23820403347939748
-0.23621919972653582
-0.24258280042858613
-0.24242143367587773
-0.22993219211801597
-0.23024659451418442
-0.2340129401559082
-0.2360748708378886
-0.24189864857589802
-0.23677585803876655
-0.24399782653701838
-0.24236108048330351
-0.23402633460174338
0.04472925405597272
-0.23901353876998693
-0.23981796391877944
-0.2338360976975706
-0.22984232911965027
-0.22946496728629093
-0.2379377531976074
-0.23035144125930707
-0.23653165728727127
-0.23103856310085694
-0.23386592032404693
-0.24366635466261768
-0.2354772973278035
-0.2374679917321548
-0.236167959246739
-0.22958530194780774
-0.2429047556879428
-0.24483840267735144
-0.2314750391567015
-0.24302250115509505
-0.2397724674492983
-0.23851844077570647
-0.23670616021022367
0.04627872648687903
-0.23309086711666643
-0.23872579616108375
-0.24376618086162394
-0.23814513878936422
-0.23665396248741827
-0.23328335063858593
-0.23060193988300381
-0.23758612135541798
-0.23846295464465397
0.05114442324357373
-0.2434424054214469
-0.2353833411336267
-0.23062601207710476
-0.2414153030596339
-0.23984709648539443
-0.22993354007272368
-0.24091793767466246
-0.2331219648879215
-0.23884178486196073
-0.2419090630195791
-0.24314137676396413
-0.22992309934525146
-0.2402604825930165
-0.23079857105938933
-0.2327936716280847
-0.24262737079800495
-0.24107581094876335
3.732609926254397
-0.23169959955630565
-0.23839319208718157
-0.2330956089910302
4.95245150050045
-0.23566040853263676
-0.24275732372320918
-0.2396354730832112
1.6064795308461208
-0.23289739731712836
-0.23632556318698528
3.2144173602647337
-0.23084815506270157
-0.23089863318874365
0.6063762307762122
-0.24084365623570952
-0.23794842246463
0.049523904341388245
-0.24158651610450835
-0.23946565658829966
6.083572958488109
-0.23842258731077995
-0.22965918995535536
-0.24377305346423614
0.04074180441705561
-0.243796246099145
-0.23618665160873417
-0.2420319560034835
-0.24423838711811088
-0.2433344709478075
-0.22969426424652853
-0.24020013198406012
-0.19403459651540786
-0.19333421915068238
-0.1916335386855862
-0.1881524056682026
-0.19808737994323553
-0.18762135690059545
-0.19160874192952707
-0.19415542085179638
-0.1892160812206969
-0.18518786173190524
-0.18729277071849673
-0.19768749909336322
-0.19233427757252708
-0.1946575822558292
0.8936351943130865
-0.19917781282914804
-0.1869212250820521
-0.19077672952416186
-0.19441710620240074
-0.19961787079339954
-0.18585969735852204
-0.1852947504594047
-0.18491558168936598
-0.19523670701044946
-0.19498371772558287
-0.19060463622035687
-0.1895803343421018
-0.1878056599480981
-0.2012241997077433
-0.1870612255695529
-0.1869216939711072
-0.18764298508107777
-0.1904921453634504
-0.19257963924689567
-0.19270756778946807
-0.20069400457906925
-0.19414498916207565
-0.19927650661825436
-0.18589380312042783
-0.1959531914377746
-0.187191006169284
-0.19885418866078136
-0.19038829617385208
-0.1958440788287392
-0.19866070508916925
-0.19400798761925986
-0.19840972495771872
-0.1883120915567613
-0.1887518129325819
-0.19680476130620084
-0.1877123363819066
-0.1868506615043294
-0.1952752187097215
-0.2011997152173172
-0.186113196171126
-0.2009939492285213
-0.19663509580186378
-0.19723036529344623
-0.19431358340038332
-0.19820599871796324
-0.19025017010062598
-0.192931052125635
-0.20077551194922363
-0.1874907595183556
-0.20046359753415202
4.308478685678807
-0.18531914334727928
-0.20038848583674498
-0.1899070433762042
0.9307492227852798
0.09461385505772188
-0.19135624844369076
4.774877577310793
0.09589907106129869
-0.1933893781302979
-0.19468091564651166
0.6415985931118646
-0.1856234399174862
-0.19040297368376757
5.187751614826417
-0.2000362755988971
-0.18826513320233518
-0.18950237583781954
-0.19679109257910846
-0.19028396737605444
0.07220588079088522
-0.19208510740531967
-0.18501927564678658
-0.19688623927221732
-0.19404942689068874
-0.18487897184847504
-0.19921442774330822
-0.19082656632206663
-0.19110431578215012
-0.19480161861730286
-0.1887063725792376
-0.1988923833353225
0.15567962601410784
-0.12375544993960877
-0.12519744325659862
-0.12912655677813767
-0.11590873329189204
-0.11369417411972328
-0.1297810550235954
-0.12699094816812942
-0.12551258918030397
-0.12428090394190136
-0.12237812107495687
-0.124950233678076
-0.12422750822909787
-0.11616745350853767
-0.12344893792343974
-0.11572211462493241
-0.11605254933121927
-0.12525486027963464
-0.12306827488165677
-0.11721153631634458
-0.12207150051148023
-0.11888262437203356
-0.1270151677165222
-0.12616930312768418
-0.11998448459661162
-0.1251611482605925
-0.13019431656229402
-0.11823381135741977
-0.12803324467863408
-0.12755002127909507
-0.1238712184328426
-0.12237621117304279
-0.12359760717891678
-0.1283410106955544
-0.12929260000461174
-0.11857139852539887
-0.11550405032407614
-0.12254886390967949
-0.12899164218771736
-0.13011444367694847
-0.1176940423482694
-0.11723477776702794
-0.11310097000421092
-0.11963139200095561
-0.12198999478971802
-0.1129256377264527
-0.13032957101164502
-0.1151867618169421
-0.11350828365798896
-0.12591436993058716
-0.11560998830914333
-0.12350282523931468
-0.13003539908976683
-0.12371060569929518
-0.12672181592283227
-0.12959036430506438
-0.11962397335667793
-0.12173049546326413
-0.11704515810122265
-0.12889917235384862
-0.11360089082007818
-0.1271183172103773
-0.12505168437379036
-0.11533607973383914
-0.12460806592422206
3.1470696977948585
-0.12077348939055149
-0.114683154169119
-0.11427223272896014
2.980532293917235
-0.12019059951804574
-0.12813537535531838
-0.12684640092276736
0.981641347930537
-0.12013835005231562
-0.12285471993751826
-0.11631976314580725
-0.12345749128072359
-0.11459528542837141
3.623273954376075
-0.12543908901167206
-0.11480316781108411
0.16401477902918446
-0.114878229374926
-0.12184224592447598
-0.12661341821109595
-0.12613001790743453
-0.11785994912482307
-0.12150854488301238
-0.12407948020088642
-0.12029530813153104
-0.11570185484181944
-0.1227230745748956
-0.12103512559142708
-0.1192641981832458
-0.1215945380135689
-0.12564973368385465
1.2673461720477943
-0.24299791892972136
-0.2496005174191008
-0.2541813561663741
-0.24608193969713693
-0.24124311284295066
-0.24647107460520024
-0.25167760257214006
-0.242656464964041
-0.2527254960972033
-0.2536420127948497
-0.25347664484087384
-0.2513185207308607
-0.2515531716254872
1.0219384624090657
-0.2543832608347351
-0.253670643962187
-0.24290719673200523
-0.24281531315932772
-0.24229393173594252
-0.2514680591057474
-0.24507904830744368
-0.24298543251264113
-0.23998858149051094
-0.2542225260082377
-0.24507360959722968
-0.2533035699699045
-0.24051665603009048
-0.24629161512270878
-0.2540672373481071
-0.25201704558673693
-0.2513603359169361
-0.2521089763348238
-0.24775742082553687
-0.24401070224475496
-0.24020653833933855
-0.24638140695345542
-0.24528260151531986
-0.24990897549500032
0.014419028892128065
-0.25094861278957914
-0.2495176762785203
-0.24119295456298112
-0.2444636490626962
0.027230118699362777
-0.24638072803371225
0.01875599180496938
-0.25006406933107167
0.020291348395964363
-0.25385697168273286
0.01625536183261862
0.02113909881548073
0.023492710585806712
-0.24422544244423755
0.035754697665753524
-0.24006127552946221
-0.2496478084298698
-0.25309326390620474
-0.2541738241411269
-0.24321695806934515
-0.24597063914339898
-0.2394840863304381
-0.25126705271342836
-0.24296549549340984
-0.24503579741917664
0.800026547594644
-0.2478365781321569
-0.25196855208548297
-0.24789054241477854
-0.24512633498172037
-0.24626377445240927
0.31010571921764624
-0.2529260599822627
0.008650067706776876
-0.24554795950551075
-0.2469488670791981
1.761141606094958
2.2943046380170626
1.2373471250329717
-0.2505323762918662
2.8544544065905204
0.0206186693811264
0.00901011519616641
-0.24959511055623382
4.845163334022615
0.03728329267910675
1.5796545122548042
-0.24127166702471983
0.01618542403832655
-0.24909362822261488
-0.2477290672824273
-0.243351253870717
-0.24007837104791577
-0.25133776180898526
-0.23991898403219372
-0.2445713988183367
-0.24638501352484246
0.6864322952168337
-0.17101448532970792
-0.1747420604720266
-0.1716333265733266
-0.1674377526069609
-0.17217772918743324
-0.16736906128827975
-0.17494940621803473
-0.16697669094366052
-0.1712049611282803
-0.1629024825547188
-0.16718893082678096
-0.16076515975840835
-0.172977551117445
-0.1693974074106396
-0.17008068622448969
-0.1638880206895379
-0.17246938147883092
-0.16065925356060975
-0.16970228682902586
-0.16423276714227086
-0.16591304534908896
-0.16675778220043405
-0.16470549178868948
-0.17572385150811412
-0.16685123774119207
-0.17673569094131167
-0.17031818671448898
-0.1638085699908509
-0.17185803908703856
-0.17599617729003114
-0.16330834225827587
-0.17454307060321536
-0.17568642063212775
-0.1720901080606152
-0.17114183840260241
-0.1720539630373257
-0.17406621537590444
-0.1726463169683411
-0.16211141741148505
-0.16541672158662818
-0.16940179820547105
-0.1754384257130393
-0.17128073432617527
-0.17439898164750872
-0.16619022156788382
-0.1687840438026898
-0.16766174997500544
-0.17148297728489317
-0.17436092599407485
-0.1769511005764741
-0.1773765675969485
-0.1731995838430762
-0.16358043216925866
-0.17082005077811738
-0.16751936802486253
-0.16099026991400478
-0.1724698415965175
-0.16385724981902608
-0.1741835265333754
-0.17281254966366544
-0.16887819801568887
-0.16115674264122587
-0.1643415506907618
-0.16171217086833842
6.96305653420214
-0.1693016087301734
-0.17277302957928076
-0.17594487967141986
0.11595860001905203
-0.16579275152762787
-0.1635094456102046
-0.16429452571901174
0.40939756386386467
-0.16140461591166932
-0.17449159096322314
-0.173082206604396
-0.1704003587447875
-0.17342678507384035
5.946604720038363
-0.16749457939353618
-0.16659601994285056
1.2350928511152017
-0.16711309600190102
-0.17660767310904496
-0.16240678636220068
-0.17487612063824634
-0.17524649218064786
-0.1714949580512223
-0.1660881630364464
-0.1661792118728824
-0.16354555321997946
-0.1730238580638305
-0.17408239442143106
-0.17627322453186178
-0.1669312403870886
-0.16532590614934406
0.09891499787429746
-0.16838241679731739
-0.18221459199818366
-0.18177323819642785
-0.1766286991465346
-0.17845626406975457
-0.17655733286448994
-0.17665015239994206
-0.17982297329646565
-0.18228674965022176
-0.17160146096189058
-0.17660483182791165
-0.17948901893624317
-0.16864051666393576
0.09901334634317677
-0.17623966142459682
-0.16937828819414308
-0.1814567714363958
-0.17383467823022888
-0.17576067155286593
-0.171717077616523
-0.1682163243228924
-0.180848789711943
-0.17690731304392765
-0.17485696163671238
-0.17820569892320884
-0.18198042732234182
-0.17878309802848494
-0.16862262674567757
-0.16879148755522455
-0.1822761921645837
-0.1764172973522205
-0.17798622964740196
-0.16955130594912454
-0.1718977924531801
-0.1734007881771527
-0.18350927448092277
0.10590443317159444
-0.17976290207963908
-0.17392266026416658
-0.1752357297816407
0.3697461213717124
-0.1730116353477306
-0.17318707597905322
-0.16884972423564729
-0.18186010812200995
-0.1787125651633277
-0.17385352266301124
-0.1729217900576403
-0.17216938152513994
-0.18361540886100064
-0.17797129043174378
-0.17122221074099245
-0.1702914171169817
-0.17718239128096658
-0.1835940444887883
-0.1790501735749949
-0.17776584694652459
-0.17051439687731346
-0.17962261620579903
-0.17000810941383
-0.17116204383929912
-0.17106267034946332
-0.17616257262668308
-0.1788489620904244
3.030734203394137
-0.17564847603520772
-0.18171972657822
-0.17815870779910625
1.1933243778454619
-0.18284696510852233
-0.17104082454472058
1.433083003229379
0.10202336407680503
-0.1807638429777963
-0.1713113867853441
-0.1815093617198576
-0.17078820466037328
0.3694045781705737
5.688088070689468
-0.18214158580690168
-0.17413994759200213
1.8520317011600864
-0.1832424382301047
-0.18323197510526076
0.652288458260101
-0.1740668162426725
-0.17148695844350376
-0.17292255676400664
-0.1710644835819805
-0.17145250094173942
-0.18214193262572204
-0.16860384499646436
-0.17351603595516904
-0.1705017579376987
-0.18154651673713365
-0.17367623677064187
0.049570233799909574
-0.21972356894553338
-0.2268376929613667
-0.2172915305262857
-0.22836943622616335
-0.2283343326268663
-0.22088200335046487
-0.23032969120273294
-0.22908077385707562
-0.2292536666857032
-0.22765507296605117
-0.23049044210314065
-0.2247044462634179
-0.2310847866725981
-0.22005080947465952
-0.2242502074585502
-0.23151388608166787
-0.22357227659797252
-0.21931378382282715
-0.232319837882594
-0.21983096578174177
-0.22940801244695064
-0.2308889203666344
-0.22908181396688643
-0.22031324905134553
-0.23212218092642006
-0.22544498302853896
-0.22330571859427126
-0.2184469241105948
-0.23088383297155066
-0.22896887716979683
-0.21691377923758073
-0.22978363016591744
-0.21676185985396304
-0.22343275378590785
-0.22841384009240884
-0.22582329000916682
1.1157874520969864
-0.21946986359823006
-0.22588819497076756
-0.2293180669968829
0.0551756262586888
-0.21842033374513412
-0.2311894156219932
-0.22110129358014965
-0.22672637042998622
0.05458007407569206
-0.22237807630515893
-0.23200927708164495
-0.23026432748710235
-0.22072881463844446
-0.21783346560821362
-0.2207539694655447
-0.22867148329711257
-0.22710354778065667
-0.21697077281943813
-0.22115980560292006
-0.2198413942436242
-0.22770969932907603
-0.2176150947849241
-0.21869439448912983
-0.22753261279137887
-0.22604657109133658
-0.22168709657297245
-0.22647820481338674
3.224741416680391
-0.22087355857413135
-0.21826242456140013
-0.23070979749153497
5.889313468641659
-0.22171702456333592
-0.21701733762907008
-0.2169983776558486
5.0642172911409435
-0.2203245105517394
-0.21897691687779527
-0.21669977186377673
-0.22637649432970813
-0.2266234808184898
4.524384753280903
-0.224250997832153
-0.21756514684950815
-0.22923412679643984
-0.22176286498774772
-0.22768274254479878
-0.2186853778706871
-0.21753567412890545
-0.2287498617753021
-0.21668486893702926
-0.22985509763996784
-0.2264888351315414
-0.21685235355268812
-0.21898385124480463
-0.21875056707663018
-0.22376675619366612
-0.2313512597969087
-0.21669148317405967
7.018997093811855
-0.3248712726154401
-0.07078187986887098
-0.3337635232167633
-0.3269307708325681
-0.3324650532211691
-0.3338544599280821
-0.3253541240624336
-0.3368612293167693
-0.32495333170559687
-0.3369257703439005
-0.3279629924345141
2.3260765132392116
-0.05933823886817278
0.2097048165609972
-0.33138306273475243
-0.33290537805359105
-0.3263469020906818
-0.32391995547905206
-0.3355537143287196
-0.33014411524128
-0.33495845310348266
-0.32437975809998837
-0.33492078072579295
-0.3357845388396888
-0.33005082196478175
-0.33273208869403337
0.1633924634576032
-0.3308647930776111
-0.3263265182258682
-0.336164788326911
-0.3362739198273978
-0.3310264680862465
-0.33722612777525823
-0.3294779505504244
-0.3291315742633638
-0.3315198115982194
-0.3265488370156229
-0.3290061365079651
-0.33732886319456346
-0.3366484781549335
0.4489186362780275
-0.33375976993224976
-0.3261109070939879
-0.3363320484502222
-0.33286722074188296
0.6939169129066864
-0.06719830198315131
-0.33128126135729724
-0.33801883135377103
-0.3380781668306492
0.4498358482232608
-0.33207584329344064
-0.33417165027124685
-0.3362492761367124
-0.3360115228951214
-0.32889403392037114
-0.3305680026799911
-0.33599408853250273
-0.3333465639376942
-0.33661576937323257
-0.3311252873268958
-0.3381687262531038
-0.32413933955020663
-0.33699961781523957
-0.32714035801569535
-0.07081258920217663
-0.33392792373876673
-0.33338017946565773
-0.33713660141873475
2.621599372481542
-0.330213019306238
-0.33800807194616284
-0.3357326763594759
-0.3241400627416276
-0.32943712409366066
-0.3366502963586615
0.6757866278810353
3.531955519421551
-0.3346639048921528
-0.07018845623856812
-0.32841156590834936
-0.0605940490777165
2.358580660480037
3.408921380468257
-0.3271974106234205
-0.33680798929411726
-0.327709692422744
-0.32646543181320187
-0.33731581411014144
-0.3275892563368148
-0.33453496051693526
-0.335105276449536
-0.3260962267424383
-0.3291058014250603
2.278917433755239
-0.32719382767678545
-0.21556508525930862
-0.2156563202618398
-0.21935909879958923
-0.20810558698606257
-0.21530954808004804
-0.21007240591919202
-0.22056604607258856
-0.20847500290212095
-0.2087886891433102
-0.21737069366526138
-0.21284660307731754
-0.22036346649501734
-0.21510799917353232
-0.21166980576097216
-0.21398431809926194
-0.20707457316933464
-0.2219635949152134
-0.2110030503308968
-0.20732548305446258
-0.21019638551994552
-0.21151704779264727
-0.21591631440002312
-0.22149536878189688
-0.22035301310643332
-0.21326094596085174
-0.22094937843179932
-0.2163987952563394
-0.21556446752500746
-0.21928278861774236
-0.22247432816107499
-0.20675636554225418
-0.2079493337420162
-0.22149532098355065
-0.21851415798928558
-0.2071873843580286
-0.21869362927493016
-0.22094394487710958
-0.22013195782349837
-0.21458387400931325
-0.20821178340887625
-0.21639217830392227
-0.22124779175812803
-0.2119761114487171
-0.20844573217012521
-0.21326570408213422
-0.21127425124407637
-0.22141028741840046
0.07073268374322138
-0.218460971144393
-0.22200758331558076
-0.2125519204658462
-0.22055128090220688
-0.21099223938781486
-0.21736593077464503
-0.2176371728273535
-0.22029676605574386
-0.22189327708124043
-0.2224323357114672
-0.21608520618875843
-0.21113322520465166
-0.21409406430901354
-0.21471426866679838
-0.22080172718928595
-0.21803191919633869
-0.21881001986592075
3.897811921267705
-0.21218807440090884
-0.21849469619737003
-0.2118591235915083
4.993964993375154
-0.21713332780453012
-0.2126305857641216
-0.21319329106497714
-0.21766109595190353
-0.21663592888421204
-0.21999073294778632
-0.20913513243084528
-0.2112691758704554
-0.21581137387835053
6.4058791827452986
-0.2090254521871417
-0.21312821342021865
-0.22228396100911843
-0.21369318943530655
-0.21313775863198256
4.337107714866387
-0.21388079506579896
-0.2215053777301278
-0.21900967636044566
-0.22093085808014873
-0.21193596706746243
-0.21580076581752294
-0.2082915543386444
-0.20903947109510637
-0.21187414183654707
-0.2167126274354064
-0.21170226028090125
0.19609704023033442
-0.10197860690145752
-0.09290143149081903
-0.10681074747222567
-0.10449379549144822
-0.09615153561483313
-0.0907334248019265
-0.08940587339997927
-0.10070271651482357
-0.09220974856162166
-0.09727968121742919
-0.10488107996322997
-0.09765058702651898
-0.098626138192986
-0.09958719214222359
-0.09156332421696327
-0.08945480384925374
-0.09530111563746181
-0.10690968643484786
-0.09266038123527653
-0.09325769225173905
-0.09585774156774518
-0.09439836752823023
-0.09943824047653246
-0.09218213115485749
-0.09816689816205103
-0.0914648832729258
-0.10080692704438254
-0.08912385083083653
-0.09689873981602758
-0.09586692131121426
-0.0923277449661781
-0.10549985107419506
-0.10668676296825397
-0.09876011845997898
-0.09313146096921095
-0.10301340974206191
-0.10100192626729672
-0.0948555511170764
-0.09402890962926443
-0.09681861680545607
-0.10597005872241473
-0.09940835540199229
-0.09056344072330733
-0.08935690538049322
-0.09573656481466235
-0.0966093500988527
-0.10268233863154465
-0.09624984317991428
-0.10489814116372177
-0.10083036191794523
-0.10059823879946136
-0.09055026149924088
-0.10295851627447168
-0.0915717628667494
-0.09471523983035707
-0.10555924525455238
-0.09398893974348381
-0.09450079248636303
-0.09764656087900163
-0.10188064011331749
-0.09414563387485121
-0.10508965653687456
-0.10205441652804893
-0.09106721435683937
0.7475317405163712
-0.09507083535503112
-0.10593332487321742
-0.09789058131274062
0.7439294508073013
-0.10404602649272347
-0.09706016758104143
-0.10075873424079482
4.079572053868774
-0.09944808855643059
-0.0977262786918384
-0.09464287727582682
-0.08926906039789713
2.0955405238398
0.19036404003847135
-0.08930747398075092
-0.09130275394063118
0.7587844889015745
-0.09831353482057732
-0.09409844733860549
-0.09086434830593959
-0.10005493223344279
-0.10634297171856759
-0.08946100950790391
-0.10453557980962475
-0.10109112327281691
-0.09681479198150193
-0.1018359867048303
-0.09250413054975433
-0.10632092079045963
-0.10620262963210936
-0.09723877366867173
-0.19759101106453283
-0.20249037044151888
-0.20492930931364906
-0.19439940764092414
-0.19996043917063022
-0.19195136387761974
-0.1923371074490004
-0.20502698124055801
-0.19382218947752194
-0.1939857799813066
-0.2056560311760033
-0.199046428474556
-0.1923618669773959
-0.19917932401707278
-0.2041937624337088
-0.20244480592452274
-0.20358146528222765
-0.19988256715190766
-0.20057236639593806
-0.2035933272517548
-0.19417569948899097
-0.1906722325720103
-0.1992520494371462
-0.204213429597647
-0.19945185148631628
-0.20363885584044458
-0.20127099990944608
-0.20171316036790635
-0.20505083513076006
-0.2006626301878214
-0.20498910893653957
-0.19182244973691892
-0.20057323996694482
-0.2044694449454161
-0.19890077432923817
-0.19376822614650172
-0.19887516994048823
0.35294267886608305
-0.19692913562619463
-0.19573399643448838
-0.20173458203872907
0.08899579909916241
-0.20233899316799947
-0.19810750254223297
-0.1932476009564028
-0.20184627058372268
-0.1950021894782617
-0.19109715097714952
-0.1955357288971234
-0.19459387516911453
-0.19343253592462126
-0.20065031815883394
-0.19920006047888456
-0.19589691253308156
-0.19949564083516338
-0.2035675166811316
-0.19653935628406682
-0.19761993163750952
-0.20334481851006259
-0.2046106567061089
-0.19719888211420972
-0.20621195971645048
-0.1985030696878492
-0.19435486359445509
-0.20439958348183293
3.456116412235973
-0.19545335521226628
-0.1975949030614515
-0.1981370613191774
3.616892712761874
-0.1940278395160644
-0.2026205173513587
-0.19910184486996307
3.4137164146517174
-0.20063687200618283
-0.20232711528271385
-0.19912719479995422
-0.20094989427986998
-0.1972657212257475
6.779874609711413
-0.2053032206253819
-0.20018890382454432
-0.19699444341164607
-0.19844471180822576
-0.20470738773460662
-0.20491005603953816
-0.19974240599007836
-0.20155571407247508
-0.1902364738559853
0.08231814108446742
-0.20139555871709486
-0.2044296099474076
-0.19665682639433796
-0.20594674420432568
-0.19242623462317202
-0.19527804505634094
-0.1975584031597326
-0.1904619755978975
-0.19124777208547583
-0.17924109507072172
-0.18796389969928226
-0.1814249286464291
-0.1867140480372289
-0.18543092944731254
-0.18104121605640916
-0.17776016681102347
-0.18568263488312495
-0.19041498242572727
-0.18953564830917696
-0.18613646061654063
-0.18052380333213053
0.37521226773416805
-0.17860966193352731
-0.17631542192128913
-0.17797087189822017
-0.1879566594281359
-0.191647176957578
-0.17718288382681527
-0.18087370029892277
-0.17823307799086946
-0.19022663576034676
-0.17944128166682424
-0.18907209585386767
-0.1770875463269115
-0.17789912900733607
-0.1792884716607205
-0.18754995220109047
-0.18566184049795956
-0.18730585941622488
-0.18870046023643094
-0.18492377130720827
-0.1829397860657598
-0.1812045612946605
-0.17631581622341536
-0.1806168166967959
-0.1890368195029187
-0.18841468965753772
-0.18308770632778754
-0.19080165242095912
-0.18094620008752813
-0.18819688568550627
-0.18467122891937043
-0.18745698179929074
-0.17621063157611208
-0.18160275299390868
-0.18958013276478639
-0.17879574455151406
-0.18362474312813834
1.4150437829433495
-0.1856901708454251
-0.1801618377533387
-0.184643272064777
-0.17555002558947522
-0.19155445075109157
-0.19018242227584062
-0.18893955451570937
-0.175445961744738
-0.18302968473579723
-0.19167586800257205
-0.18273974486649858
-0.17635347399242074
-0.18820549146743748
5.390145256190024
-0.17565212654347168
-0.18241279280270908
-0.19191498756714007
1.1555560595376257
-0.18842871261293642
-0.1874248411561264
-0.186640992660293
1.6895918145409
-0.18802007026025308
-0.1839608026374472
-0.18056917891541494
-0.1813097569956291
0.08820649728083492
3.851624219183339
-0.1866438042001593
-0.18641514300878953
-0.18192094308708467
-0.18769219004567841
-0.18373315273915664
-0.18185548920660097
-0.17741849863399356
-0.18673410482176478
-0.18499490754347678
2.3733602839942036
-0.18403026389672206
-0.1781100680673147
-0.17686338976301866
-0.18510218092906186
-0.175587381894629
-0.18241960284705572
-0.18283473777124518
0.6974781973008071
-0.14773292746004127
-0.146368590053145
-0.14881191453109396
-0.1440896444726691
-0.14262824710636474
-0.1429300758349248
-0.13801710414144003
-0.14515731124665432
-0.14351383297768056
-0.14426213821876122
-0.1446828369334866
-0.13761804222518065
-0.1452338388572893
-0.15366331346755557
-0.13753292572437298
-0.1454514130866941
-0.14899447403248206
-0.150762761660976
-0.14343009864395964
-0.1530391328564573
-0.13875357396757562
-0.14767975593330987
-0.15401176056180488
-0.1374440178362796
-0.13760721297334969
-0.13755253996177588
-0.15262090980476578
-0.15158007714211652
-0.14109682735748652
-0.1378823764533514
-0.13948521635405614
-0.15212872013170264
-0.15029613124038474
-0.13986587022590238
-0.14514486739499954
-0.147978947141016
0.1311956033424744
-0.14356505470820077
0.6939337866087538
-0.14392331219686635
-0.14341086849327164
-0.14764219329309186
-0.14925935444725816
-0.140686628852785
-0.1531067478378935
0.13651307394384365
-0.13793686389567042
-0.13938732833003137
-0.14716564928945194
-0.14323301797266133
-0.149552732374924
-0.14248843518474977
-0.13963011055939864
-0.14835253713390806
-0.14019507533406833
-0.15391640827686215
-0.14336689338769001
-0.14445439085100942
-0.13908316400169546
-0.14202915684013853
-0.14818433698958436
-0.14100058669747673
-0.15017206454830845
-0.14548504599374726
4.240566280270928
-0.14493419634553154
-0.15334218861643084
-0.14458240997543784
1.2353188774217698
-0.14997977844219715
-0.15173879939297716
-0.14468250710518699
0.6959907155200223
-0.14332150729411253
-0.13846548790470373
-0.14589372288555782
-0.14933816619104223
-0.14761739815480435
5.1668927456586475
-0.1417287084337073
-0.14829201998785146
-0.13799675295249111
-0.14713188472062017
-0.15022669618949547
-0.13760543876385953
-0.14592550267364557
-0.14587566423176515
-0.13882686617101084
-0.14302504672052627
-0.15315001237551315
-0.1378432798175248
-0.1484279291104395
-0.13892609319938595
-0.14983333242358488
-0.14607487725054918
-0.15082042749868743
5.228146203354387
-0.2082288635978033
-0.20730007870542186
-0.19668609333822498
-0.2051582085848315
-0.19876356406910214
-0.19653028701357092
-0.20836015472252808
-0.20526398393954062
-0.2021790998196902
-0.20751871464515179
-0.20286478287941814
-0.20566807650925675
-0.19374630581565516
-0.205807136122711
-0.20088279439686346
-0.19328703062849084
-0.2061296307192724
-0.20594209559669407
-0.19472056614925493
-0.2027954478176242
-0.20748849110618917
-0.20740736097922294
-0.19994104023140288
-0.2051106127068837
-0.19904197019879555
-0.19590570749925132
-0.193471386558272
-0.19729904847277185
-0.20447711377463912
-0.19499207677571845
-0.20230386306393774
-0.1988218039348258
-0.20804672755252204
-0.20126463634772004
-0.19583273270851165
-0.1978802409353173
-0.20673198171027382
0.6160341845238931
-0.19884307564525813
0.08087517577952488
-0.19312112050480154
-0.20333108565679706
0.08234508292767159
-0.20151791857568735
-0.19585562775940224
-0.20156352846407502
0.0759866148648569
-0.19649999519720668
-0.200314649491723
-0.205659504039096
0.07940532991131123
0.07016277361176909
0.07375636417270483
-0.19428181758887167
-0.2013717701845501
-0.20071479940079034
-0.20050990665187488
-0.1940938066724642
-0.2070040829824866
-0.20460208372404898
-0.20827168101952825
-0.1950732705996316
-0.20082362876043158
-0.19547306376138382
-0.2074141739729404
0.5844888576459726
-0.19743135848091345
0.06203853410546601
-0.20197547981352926
0.07848152665913868
0.07171529311219525
0.36794929037418556
-0.20492906223424975
-0.19575773434104463
-0.20498916380884477
0.35958666621554364
-0.19776343152882242
2.925172821711902
-0.20730810693364868
0.3527433333941199
-0.2092882110759504
2.6932134201065376
-0.19408890105232682
-0.1952264557057504
1.5595867998916646
-0.20765807443341414
-0.20351998032430096
0.3432674588827437
-0.1951468402109533
-0.20159949548328643
-0.19993145631050008
-0.19873386183095082
-0.2066717849004078
-0.19945246063948116
-0.20833640905246836
-0.19991024801857646
-0.17786142322814064
-0.17425501842636204
-0.17565108741704144
-0.17231084458851462
-0.1738351461956504
-0.17024046637701262
-0.17377632796800976
-0.1801906938388253
-0.1714766861028431
-0.16829582557204986
-0.17829829032860495
-0.17986552490766108
-0.16783315430813392
-0.17769746094306854
-0.17940906049774616
-0.168377519963598
-0.16827920299618299
-0.17096767950830133
-0.18033458265534472
-0.17051476237831978
-0.17774919548077223
-0.1679901563041737
-0.1768473396707498
-0.180149531568292
-0.17281737280596068
-0.16596913806753105
-0.1660605090221118
-0.16967214012983256
-0.16679571168608992
-0.16578838562003093
-0.17822264278238356
-0.17742087672258303
-0.1737623272898885
-0.16806046652047818
-0.17254466629728732
-0.17431365050826822
-0.17316492520143298
-0.16969217087623462
-0.17125088369546784
-0.17450420386024706
-0.1751781230834348
0.11226946516667123
-0.18061324213796937
-0.16493541787477858
-0.176660571580196
-0.16723250161842362
-0.16838714775925945
0.1035975058245724
-0.16832325467485576
-0.17780053467052864
-0.16578036738627924
-0.1776363368316189
-0.17108244077885476
-0.17610251406687663
-0.17360630053400108
-0.17595574509342474
-0.17500797569257773
-0.17409722899372299
-0.16675407195472394
-0.164698850758555
-0.1689590924852042
-0.18070254312016634
-0.17878689734734468
-0.17522692766930065
-0.1739433383782413
2.6222229109869573
-0.17790055513916178
-0.16888373925583866
-0.18002642148299502
3.511874728495866
-0.16711374077357644
-0.17794005586142086
1.9988455672901457
2.606769979349553
-0.17421174680339296
-0.16520542047266976
0.09110454177400842
-0.17107044393660178
-0.16794533406143092
0.6395397417039383
-0.17505492744890208
-0.16607909461718684
2.1314467144884137
0.38261293709294236
0.37827816942482173
0.1123293435628413
-0.17515771900984478
-0.1680552412900896
-0.17449933568726214
-0.17324370208098153
-0.1786373625122443
-0.16433639167685635
-0.16794311533699924
-0.16609954362770102
-0.1645132734107424
-0.16554661965881917
-0.17301496536044425
-0.0070689465056116545
-0.006243537071061097
-0.009166166163870157
-0.024586865489723022
-0.016807884774782185
-0.01669686677690511
-0.018567669098984843
-0.015654060256807482
-0.009216016393944041
-0.007204786358881308
-0.018611639535067823
-0.018506932138777556
-0.009486485821593116
-0.02025764326006874
-0.021922218257700646
-0.02281767177971933
-0.010233944257342382
-0.023135459319444305
0.27393872389119917
-0.009663217215566343
-0.009541314499324953
-0.015622190733133279
-0.015017422309751262
-0.02190629048935478
-0.015645617843106002
-0.012964674629230831
-0.011996900743320058
-0.009770064991530478
-0.02364074707073128
-0.016862294857271407
-0.019700428569993145
-0.016757874212878124
-0.020390924086299164
-0.022331746696559424
-0.011777047889561246
-0.009593298637605097
-0.0202411119971519
-0.023976568571572834
-0.010914155749842823
-0.008152417739916524
-0.02078515561329705
-0.008164504285459733
-0.012096038099265655
-0.013728865506166449
-0.020248205151934325
-0.01709847248839817
-0.017150210300632164
-0.015779562101963636
-0.019874894700332837
-0.009786636175770738
-0.018686856283569066
0.2766894588554496
-0.014847512285772958
-0.018005315633346803
-0.02347277603037273
-0.02085330374214834
-0.023632418012629275
-0.012899671039678807
-0.015473326394447682
-0.01754336604320152
-0.008170196403491268
-0.011821290096956722
-0.015000429615980092
-0.02090199539595578
-0.020485167340138888
-0.01257983334188335
-0.01031120610540693
-0.017450270421021048
-0.011292115274514888
-0.01920613122708572
-0.024993048056112924
-0.017435604136271217
-0.016842259597994097
0.577590095687535
-0.019573849616202343
-0.010985042402131082
-0.00659064344658886
-0.006823560622613802
-0.014193196616422371
-0.022751087971159246
-0.009528794637664713
-0.01595262900750943
-0.01488861722966337
-0.020922422377598896
-0.008354457928135718
0.2756167383003995
-0.01021340307488152
-0.010883331734666407
-0.009939233606008336
-0.010502552469540044
-0.023444126683321572
-0.021107060371122567
-0.013957619068888103
-0.014791773246760322
-0.024504952378311063
-0.011549885562277448
-0.02271857417383192
-0.11276565831328357
-0.1148266955934805
-0.12011484509410277
-0.12392541562656924
-0.11373499970486384
-0.11890779077399828
-0.12004320462681167
-0.11492772309900802
-0.12017366577080911
-0.11031364704014528
-0.12302290617740098
-0.11960659774288362
-0.11458169411912118
-0.11600745423158108
0.44596724429641793
-0.11351943553157312
-0.12195106417182297
-0.11383533645047964
-0.12000740307117218
-0.12339987576107903
-0.12323216107589638
-0.12112986758740656
-0.11890992322848053
-0.12643830994775543
-0.12440026085672894
-0.12179914982791507
-0.10919543359208099
-0.1247389410510378
-0.12019388446662398
-0.11615815241780628
-0.12140541878563604
-0.11974221280237617
-0.12557424436870002
-0.11593968874099947
-0.1258614828834181
-0.11054291200135533
-0.1250377460325906
0.1562083129106753
-0.1264539996397321
-0.10904306152714359
-0.1101979847070008
-0.11623485240712673
-0.121394447751038
-0.12278575215843163
-0.12193909455766178
-0.11071162325784101
-0.12033066772793755
-0.1260377676754079
-0.1149598585627047
-0.1176499557539172
-0.11000294416959987
-0.11472303964297277
-0.1153439532487484
-0.11416731265495753
-0.12066460761248812
-0.12256373640744751
-0.11922548498558933
-0.11925707026243962
-0.12430933089413576
-0.12390800168428281
-0.125929768052761
-0.1117649935306399
-0.11998474020633493
-0.11883342256315395
-0.12507435361108707
1.2689673691097594
-0.11705946100304214
-0.12516289331237224
-0.11400288722828653
2.8490492729685557
-0.11325143410272583
-0.11315864240855426
-0.11055373909870361
0.9971119246969085
-0.1141226362563475
-0.11486763026503297
-0.11502509888111341
-0.12125458641504004
-0.11956265563261866
2.5505663499708486
-0.11514405099417033
-0.12632652164171537
-0.12419273390828077
-0.11969471791008196
-0.11452180252174701
2.0131303141750383
-0.12448618891699438
-0.12334941927324987
-0.11799175496540852
-0.12048921680408502
-0.12057839394114511
-0.12430018143116371
-0.1113889239843658
-0.11071291370436605
-0.11070041769047224
0.16601113916672489
-0.11154041174952717
0.22496541842148657
-0.31046543426713896
-0.31614492970923536
-0.3073516897137351
-0.3072999031405808
-0.31631843695572154
-0.3106683978942498
-0.31034963672569915
-0.3096508954824496
-0.30934044623886653
-0.3043371125844746
-0.3162254852609129
-0.3094584978294669
-0.30813150593883665
1.2349612661788183
-0.30965203978800154
-0.3063404439169652
-0.3038974800651571
-0.3142673028532967
-0.30496601150839026
-0.3150706369005121
-0.3128820250610389
-0.3048008303383171
-0.31232863322155713
-0.3070806527159806
-0.3161977649317209
-0.30983517565694263
-0.3118684191724777
-0.30492875262802555
-0.31348046597567214
-0.3070811319431645
-0.3038501778081067
-0.3174454131464975
-0.042916037698277835
-0.3099350950322982
-0.3038888034383365
-0.3164042862553607
-0.31287038794053046
-0.3097956983175137
-0.3097096775398674
-0.3086111374473836
-0.31056019320893674
-0.31383779086614394
-0.30457580895075126
-0.3092972738580004
-0.3172379749763533
-0.3060014535732143
-0.31752432399742425
-0.3126418631810232
-0.31079553849933084
-0.3051331507890048
-0.04035163649322713
0.4856226401192765
-0.30999243616262295
-0.31195535758415766
-0.30917985158029726
-0.31495913878579246
-0.3101966617960739
-0.31075102558344625
-0.30530928925073736
-0.31278497910929215
-0.3169652148748599
-0.31155843938144173
-0.3065126662843046
-0.3108054314479415
4.520599203662027
-0.3164066148558617
2.2042756207768894
-0.31123066280831235
1.9507537841482636
-0.31460472385550364
-0.31750666670338884
2.4313509864582437
2.221553749621705
-0.30491946740105813
-0.3138733358050362
-0.3050332089933222
-0.30537958555966205
-0.31414736271528343
4.573052576552905
3.714898388024278
-0.3050115670517477
-0.30377371947093695
-0.3140210464942951
0.47625170954530816
0.4913321675771642
-0.31640089752654504
-0.3057940601049804
-0.3095570754896025
0.7413229005824379
-0.3139596347683028
-0.31236337604723613
-0.3100943244045504
-0.31441085025142634
-0.31412016295702316
-0.035923601750711194
-0.3091513272610992
-0.24001290211521986
-0.23118124856217404
-0.24077227159748701
-0.2309827791663808
-0.23922969625250573
-0.23590007301715477
-0.23533731559485782
-0.2310490585268691
-0.2443005544736151
-0.23170341073534145
-0.22990363734117758
-0.2421246424903217
0.03719070613707911
-0.24070773911496376
0.04361317645769446
-0.24064989254497196
-0.24066560589137895
-0.24039433550654984
-0.2307551419920289
-0.24193569330306286
-0.2355684652472784
-0.24178334277332628
-0.24158028573028914
-0.24537270499417327
-0.23777952563908422
-0.229833101650147
-0.23331609205397366
-0.24353617843862801
-0.23529954932828187
-0.24058879970539307
-0.2406452995170992
-0.24080396698844345
-0.2317086564591018
-0.24107225631160684
-0.2407289753639824
-0.23583841289493407
-0.2380147489657383
-0.24304428265133687
-0.23701249949885084
-0.23307219850174263
1.3346674972930668
-0.2413074020309245
-0.23663732218867967
-0.23791205123952486
0.3159334828694942
-0.23095092637153752
-0.24282672771988167
-0.2326556045536717
-0.23637067320396002
-0.2335661800368754
-0.24492797564429275
-0.23406450499953252
-0.23041399688447595
-0.23353837355808246
-0.24045270654338405
-0.23164265275953483
-0.23298668589485072
-0.23004212889591316
-0.23930221823543593
-0.23351909486752598
-0.23074956590268733
-0.24401189031176876
-0.2305757120801942
-0.24052474217992204
-0.23530702929348343
1.3508288840326548
-0.24442782678570346
-0.2394448255062905
-0.24419984349840115
2.5186452803543733
-0.24021372873088576
-0.24348952175024524
7.395984314506111
3.6871550268830067
-0.23324114518454117
-0.23269655893636101
-0.2412939554161489
-0.23332680856623825
-0.23625848097409696
0.825101981761412
-0.23797657792648427
-0.23739983165002124
2.6027177814095723
-0.23986559643503083
-0.24096240670875393
0.03602899867836936
-0.23090332577965839
-0.2381752304710022
-0.23366887610666168
-0.23521766807654687
-0.24498061337751964
-0.24343967001946593
-0.24226691725471247
-0.23195114566991562
-0.23920250456385744
0.04131730362275789
-0.23308009457206158
-0.0327033066817586
-0.02444280872923084
-0.032577234481928584
-0.028326269829438797
-0.028699409889076537
-0.024682257050114603
-0.03305940549778022
-0.02257297879460602
-0.031248260026566218
-0.021823619027191318
-0.03268936263482601
-0.03799735551291763
-0.028865276831980913
-0.03408699168228963
-0.039444946537843
-0.022480993638842352
-0.039312829252552736
-0.020498645750348803
-0.039265497510190255
-0.02779658879545116
-0.026484807335909896
-0.024406936513563703
-0.02566279215556864
-0.022977728793459565
-0.025631549384982
-0.034691685590668035
-0.025152601390915963
-0.024165079836001153
-0.028696415970049374
-0.025223581288307772
-0.030874244874562817
-0.021378263797990914
-0.02170471681997395
-0.02928865827797058
-0.037621223880248585
-0.030849083575741693
-0.03503719216518264
-0.021524428660554516
-0.028544642984475517
-0.023884999124296532
-0.039526042482444484
-0.024794780933677433
-0.028056049462784307
-0.02297700138392373
-0.026661788638668044
-0.02232602797543347
-0.02271471282294502
-0.038433395805549206
-0.03013893176356865
-0.036736137451111595
0.2691674328958977
-0.029978419548265887
-0.030581324827539298
-0.03242826910225836
-0.02453973036191493
-0.021312139570612506
-0.0380740235622377
-0.022021010315254826
-0.034577030668060255
-0.032443025703375
-0.020868019143603683
-0.026447384519003834
-0.03909754015822089
-0.021166253875932975
-0.03550622315461406
-0.03010374145094552
-0.023059793410435955
-0.029520331273046766
-0.029466833793293082
-0.0230013093182025
-0.02319464816261332
-0.03296469599284333
-0.02424948632302068
-0.034415691870300476
-0.03021172074682794
-0.03431709858095664
-0.026758942402257235
-0.030520979087503758
2.0058440305823377
-0.03848880432240736
0.26850397439116724
-0.03420958329236065
0.2561175548598752
-0.023353528795731167
-0.022584456587222402
-0.021316484761288362
-0.025412298314721683
-0.036639057160452584
-0.03290804455779849
-0.03595503480754462
-0.022324412432798223
-0.028396439187575964
-0.030277821706024846
-0.03467440860575019
-0.030505244072759587
-0.03929710686995378
-0.021396688431262863
-0.1026233642118205
-0.0896589047424484
-0.10058678311792754
-0.09319702274953223
-0.09063746366280039
-0.08941663661398941
-0.10022353976448363
-0.10487434942254056
-0.1015454083219337
-0.09497607198675666
-0.08984670629582692
-0.1036352628136589
-0.10123585269521726
-0.10186612257244082
-0.09444342975963668
-0.09527348815741124
-0.09692033670021746
-0.1067917674935149
-0.09355580495747041
-0.0937029998384939
-0.09512659429261804
-0.08988737820093771
-0.09315941697979963
-0.09423383111362546
-0.09754729460986433
-0.0937699527173644
-0.10525814089541122
-0.09618854700484766
-0.09976895547061558
-0.09645662297696624
-0.09211257972035967
-0.10097357954718629
-0.09160601889087906
0.19246760015354972
-0.0991922674335508
-0.10093316626966076
-0.10174072665079377
0.19515507891721723
-0.10618943679414332
-0.09359092094041489
-0.09612805373722606
0.7615317204719887
-0.09379692465622227
-0.10678804252116357
-0.09676565951480998
-0.10336169478854125
-0.09165797390335775
-0.09097466668141037
-0.0916226756454052
-0.1007656848065387
-0.10108025036037012
-0.09921639877711332
-0.10345217768340641
-0.09758986943255957
-0.0972936168830351
-0.09788668733999
-0.09188461167191067
-0.09372802055505718
-0.1064827264296567
-0.09228758147006604
-0.098903673735872
-0.0976271306241499
-0.09045273603159604
-0.09221171067213152
-0.09202898105345737
-0.09094597075007514
-0.104608489139057
-0.10311078656724579
-0.0891431617024418
5.960673961553629
-0.1043254351672734
-0.10066977859028611
-0.10471129362427586
1.613875740257253
-0.09738793522923006
-0.10172154426621836
-0.09860021916913883
-0.10139726653900487
-0.09706701885057618
0.1987057988749363
-0.10390342468502244
-0.0901312155736384
-0.1004919248392743
-0.09739660833229569
-0.09223740982467253
-0.09477415103899442
-0.09424349399333812
-0.09932939881621893
-0.09100783547523954
-0.08976935940245426
-0.10216622467750526
-0.09019753766862998
-0.09543538464437863
-0.09375938775227748
-0.10355470366169729
-0.10395977014903383
-0.09698555344426914
-0.19577650898393234
-0.19368622164995325
-0.18522039283070882
-0.18923637458142098
-0.19411918612970383
-0.18743808035265988
-0.1886776239730056
-0.19455473082623745
-0.18912174237117138
-0.19468831208378562
-0.19690627488718085
-0.19494707839383468
-0.19610544531665366
-0.18526332380367225
0.08251446684987346
-0.19456483037334732
-0.18457889260179505
-0.19256354407738324
-0.19418939603112687
-0.18743952945883374
-0.18306966500231278
-0.19385007534412985
-0.18601377027077104
-0.19063836647013696
-0.1985191564442703
-0.18325778862676342
-0.18975924633575925
-0.19457250296616266
-0.19793321976364697
-0.18525214474208632
-0.19826878071503964
-0.1842820911591684
-0.188035696147554
-0.19042777962436827
-0.1928594606484857
-0.19870784684993767
-0.18752276486555794
-0.1959003725492945
-0.18362013757521253
-0.18854393856352658
-0.1846552755229475
-0.19324222303949581
-0.1867974539375369
-0.19849107547317996
-0.18661568372492993
-0.19323643901595317
-0.18252159041310842
-0.18380550543686291
-0.19128515114033307
-0.19253743342026344
-0.18861870626135463
-0.18896124919498766
-0.19545997212997263
-0.19218896836103652
-0.19497500571205206
-0.1974420047269809
-0.19063589475465706
-0.18619549622886628
-0.18612041331569062
-0.19368871619121683
-0.1838574060425382
-0.18665553384773861
-0.19662094102358482
-0.19856765317472475
-0.182553962120347
0.6194458610623
-0.18819477033902113
-0.18574450528553377
-0.1825440175840345
4.312629651013096
-0.19579964052397447
-0.1957873955159984
5.04974852774028
2.3290913547305068
-0.1865497326971169
-0.19270936958816715
-0.1910187308580226
-0.18713076397188527
-0.1856373975236237
4.96272886710816
-0.18631111515400353
-0.19386101343444997
-0.18823308688930007
-0.1886804117255188
-0.19466940699138455
-0.18376019025655352
-0.1973553345909645
-0.19356448781468605
-0.1825950673490785
-0.19340060918229066
-0.19841968172586122
-0.19581758207580355
-0.19246292624714273
-0.19065871874705806
-0.19373200501307694
-0.1838685186231446
-0.18513689133383965
-0.006227779508110485
0.0007666453814095853
0.005751247087315466
0.002004889715537661
-0.004449918486442821
-0.004501121173173031
-0.00739814161887151
-0.007606057071346693
0.004043589029057664
0.0017382862253090626
0.006626003580874249
0.002252539066793815
0.002278805107361763
0.0003463309686322358
-0.0008905101138366245
0.005147112338443469
0.008810651457977936
0.0019130238842519054
0.004883671143153603
0.007582442932893951
0.00997376228168337
-0.0042365125469327625
0.008358963969163333
0.009225293269034141
-0.0004619576214402343
-0.009117982007780787
0.002652085064505665
0.00590499441647961
-0.00013188013272887213
0.0063711833888079996
-0.006815669742572488
0.006369363753547462
-0.0056770467272578415
-0.0008981534723942919
0.004504088427988962
-0.00361958257984861
0.0032758093134172463
0.0046993172990769105
-0.007139914501132299
0.008759627534285696
0.008955921874782993
-0.008828903111713816
0.0097112353481711
0.009344713989498163
-0.005209456535436201
-0.0028814842288115597
0.0005272608059170048
0.0062196806426092445
0.0007263639092170026
-0.007958786950762875
-0.007105965778449921
0.009209765505285534
0.00168637239749869
-0.0011927258747691982
0.0029066286819788025
0.008580433004775699
-0.004490884759250444
0.0005487203581930267
-0.0008648317903536485
0.0034539562716750494
0.00026984058506537514
-0.005737213608693364
-0.0012317302724349566
-0.007770759905010654
0.0015821468672689676
-0.007998333468936955
0.005195461948978923
0.006106103867258519
0.002407119743176498
-0.00742877686989178
-0.0053587788726432
0.0012005512505047244
0.006389324176069606
-0.002126646903865974
0.004418739394365183
0.0032635810330945802
-0.003556583384482097
8.534905297013617e-05
0.0003224251746926621
-0.00626274069874365
0.009067779321983391
0.009895272635723637
0.009259786347869916
-0.0026378345880936037
-0.0037852862260873855
-0.008683741897962565
0.006290449306258446
-0.007752336186684137
0.0004925239724876551
0.005655351065463248
0.002816380536851826
-0.0028973850954005153
0.0019501792520411887
0.0013265429238125837
-0.008568629625838174
-0.003283265921335921
-0.005028705806487188
-0.11471414688448998
-0.1254418595376639
-0.1151018808410056
-0.11897825637034697
-0.12305450096844654
-0.11852569097337341
-0.11838534811124302
-0.11467432681323096
-0.12394432054903677
-0.12764941517023262
-0.11941977480119267
-0.11952066631360471
-0.11186822283094978
-0.11791572999714907
-0.11977362723889692
-0.11023301591885873
-0.1256980796237483
-0.1190118348841767
-0.11339914972766399
-0.12034822325257634
-0.1114050738621364
-0.12055873498624359
-0.11294906026687916
-0.11720821974421172
-0.12714813490189975
-0.1236789323067513
-0.12170682775586014
-0.11628209176074168
-0.11486617744575994
-0.1257523699071423
-0.1249417979120053
-0.11624952439789292
-0.1200305280685201
-0.11901511189983885
-0.11907885370918962
-0.1263555611401284
-0.11797552737751307
-0.12147053363038662
-0.11345432638369739
-0.11899014565832035
-0.12556777891085205
-0.11003152589498645
-0.12162759750173618
-0.12081128222091446
-0.11539150145797804
-0.12337048243220441
-0.11952531839562314
-0.12438117583154783
-0.12710091363448975
-0.11949399464614231
-0.1170062147495539
-0.12295316598241524
-0.12257300334106278
-0.12533575039685724
-0.12457782779680598
-0.12552239679925753
-0.1247733614592538
-0.11759030387344103
-0.11529855147165373
-0.1173925635728278
-0.11651153834787673
-0.110354361367848
-0.12226260960527237
-0.11467759665891124
-0.12343813464597084
3.6983722008447186
-0.12365318614901366
-0.11540243705619581
-0.11888381625454306
4.484398049458542
-0.11871089477621197
-0.12423235178197907
-0.11707027262867829
-0.12106311372089719
-0.12439349921197437
-0.11009791745641964
-0.11582414040248583
-0.1270425353522615
-0.1244973212326391
2.974842370522192
-0.11574414447606121
-0.12219384508557503
-0.11437799703800546
-0.12324018035934603
-0.12487744828507033
-0.11236717676984372
-0.1181988620068855
-0.114409109697548
-0.12051518512225744
-0.1254902737346215
-0.11181879064351127
-0.11730065731017955
-0.11630679947393101
-0.11314560863922889
-0.11570062492817754
-0.11047951691368618
-0.11622672833994406
-0.018097298013581162
-0.01566898146037745
-0.012820952922045483
-0.022723933219547625
-0.016505551139395058
-0.017094001241133635
-0.015571145784956457
-0.01852864266874897
-0.01335421703634764
-0.02155032170843959
-0.01729832631354075
-0.02126132569277769
-0.014725375750953371
-0.007883848364121582
-0.0224806006694119
-0.009731377534881586
-0.02246851018630833
-0.0076598973961827565
-0.007341007891709548
-0.010348011810409145
-0.017814068985724577
-0.008659012082607841
-0.020306604618523995
-0.019111669844202914
-0.010816134567392369
-0.01128659880608269
-0.009177741867085056
-0.024099600676455047
-0.005977507783794888
-0.010287132232384668
-0.015757305874243052
-0.024390136921997697
-0.009569050679902233
-0.011301454830530341
-0.010754333112128298
-0.013346781214220315
-0.0183862335732855
-0.014520949075603177
-0.013624089967985763
-0.011993737959838671
-0.019726740084482268
-0.016068245363138046
-0.022525561221752016
-0.01794204778904624
-0.010641688281512159
-0.024024243214573093
-0.006548108824503674
-0.009350808511083155
-0.014402946346643526
-0.01634712744271368
-0.014363592144298356
-0.01058057263278435
-0.009851787198884368
-0.013599841889834178
-0.023534973014361516
-0.02379984279569137
-0.01728192980019583
-0.023315711595770415
-0.012849970828486396
-0.023333311557983114
-0.01604324563446764
-0.01788974623348143
-0.02317380527095532
-0.011598412121225688
-0.01842131609277194
0.5745516271225531
-0.021701721623036428
-0.010574334094593931
-0.02313834963779575
0.5698676567381663
-0.019649693643595294
-0.01943334977295483
-0.012162963859530073
-0.016035658283847818
-0.020628878493431126
-0.012435512118221633
-0.015330566363635494
-0.019851061608380856
-0.008124784072918976
0.2804791267991903
-0.01717946777070452
-0.009880172368735516
-0.011824729733994536
-0.013127540938345745
-0.018513439384927378
-0.007000745546748047
-0.024113563716552204
-0.007197268560451545
-0.02286328941882905
-0.017959139123138266
-0.023347974666261637
-0.016068642309769517
-0.006299776052558632
-0.016007613397500627
-0.014906284561208636
-0.02008437183177309
-0.010753998572921829
-0.1085216183784585
-0.1148762866836571
-0.1149497820477017
-0.11545633055629381
-0.11985610722582773
-0.11236976870321892
-0.11245995878153299
-0.11328698544872869
-0.1251016141820676
-0.12248521978304162
-0.12019666975688754
-0.12117075264464704
-0.1100811924858201
-0.11995382498995252
0.9554346680211103
-0.11488812689136715
-0.12146385829435767
1.5026738296418267
1.253860242891405
1.2554506837082648
0.9909582611313174
0.7239177826254347
0.4501892994950693
0.4578105507356617
0.45952684698106633
-0.11572853531610905
-0.11749882677591905
-0.10808881911717158
-0.11409829097002784
-0.1222482370871668
-0.11917535797460165
-0.1143038178775101
-0.11511241372518065
0.15961084024421607
-0.11205819899829125
-0.12105459902600949
-0.12057998808161892
-0.11984206012435694
-0.11586643236181546
-0.12080180209792508
-0.11869658111289502
-0.10982394865649422
-0.10794736101516389
-0.12220644391008283
-0.12016561788395552
-0.1191778787374999
-0.1240111615437526
-0.125417752461805
-0.11620582203842451
-0.11884247470713277
-0.12028288286587249
-0.12476182996924413
0.1595927890408912
-0.11400128437054328
-0.11652030726605649
-0.11343759960202121
-0.1234370222060931
-0.12312357761048073
-0.12026549320457412
-0.11295851425641502
-0.12092149115616507
-0.1209198850258601
-0.1255359681264458
-0.12235660888982261
-0.11067907152489323
0.45031119135913145
-0.1089970729191192
-0.11431656762041124
-0.11662527833799728
-0.12007122626304738
-0.11375954958986206
-0.1129542310945832
-0.12327166775497983
0.43521361334061764
-0.11955573279216083
-0.12005901163151951
-0.12380201381644369
-0.11999045498162614
-0.11279960989540336
0.1682879922644527
-0.11331356544363787
-0.1197048493109153
-0.11521711775069801
-0.11284672528241455
-0.12335285444811137
0.16253925547186143
-0.11952164910739155
-0.12007634184126671
-0.1192937598496554
-0.11632359352536302
-0.12171132491870534
-0.1111032238531976
-0.11468022059206366
-0.11086326469208158
-0.11416889244545886
-0.12219404629816384
-0.12144891815222444
-0.0001365088369146972
-0.0009646801275399053
0.003919800000837252
0.006982788813770744
-0.008262039615959043
-0.0059642999487057495
-0.001748950273988259
0.007098011012105656
-0.008214208008815433
-0.002057362854478362
0.003510081045661497
0.006550069209955523
0.008743080778794227
0.008857220621503436
0.0010472134349344842
-0.001291528400123554
-0.009723697835899898
-0.007311750941119157
0.0046967508214993585
0.0007776892315226492
0.005595599863380374
0.007502411801109261
-0.007713628044261436
-0.006488612566621354
0.005214492608275758
-0.0029794271214031664
0.002880449772217317
-0.005461264265573147
-0.002698195326780266
-0.0030217792444803783
-0.005584227421030332
-0.0058182162304928455
-0.0014750834830224813
0.002117755157682224
0.003065818892800738
0.009553259849991532
0.005473763144933277
-0.009305752680843656
-0.0044105873857602056
-0.009712232970773902
0.0031677840749056484
-0.007833079604369167
-0.008652031497957275
-0.007106667719204267
0.008144434304605689
0.00754967346485675
-0.008274603950152417
-0.009256072945599438
0.0036954707539204536
-0.002211457833838202
0.005512003212069108
0.00938085930018939
0.0050199676793018936
0.006527446164050492
-0.008545168518648455
-0.006253086216568322
-0.0012027753582977852
-5.220173680886564e-06
-0.003570374211822507
0.0023493704993841624
-0.009412939315456585
0.00906467189269649
-0.007534343811974465
0.009454986640843635
-0.005077591755922968
-0.00900852383401706
0.005731093601426911
-0.009673784345393406
0.008788507296289261
-0.009959571040039736
-0.00021362663118028592
0.008648210677278834
-0.0012902009455269048
-0.001898886042795176
0.00044272469318981325
-0.0005765571214002185
-0.007443148551757186
-0.009038296855815165
-0.004583915170689077
-0.006448791848946993
-0.00409982449478149
0.004563924519298002
-0.0019993547735337415
0.004075372523141303
0.00341540226971184
-0.0015970232063223279
0.004538639857487039
0.0005944567259318112
0.003314044841129691
0.009504486492634303
0.009960209692467024
0.007002237321101515
0.0004663049351802351
-0.003338431456830664
-0.004113749017455406
0.0008348561974340152
-0.009650605666403696
4.7729367627039165
-0.09195148401641534
-0.0993548849853936
-0.0854092413749195
-0.09624743303982634
-0.0991741107755905
-0.09416036861269166
-0.08894872940958995
-0.0956581427294269
-0.10070709075658783
-0.09868485927799367
-0.0903232281210192
0.7588829169128711
0.1950888444510232
-0.09276702098516827
-0.0947230375380116
-0.08895984276288918
-0.09312452843951374
-0.08528266029188994
-0.09991758488847184
-0.10141847908102812
-0.09421651763933672
-0.09091285313758475
-0.09541234899638015
-0.08792853395955541
0.1857775506435715
0.1830439987169376
-0.09365718197763497
-0.09065957461108368
-0.08833898146359699
-0.09817061794482103
-0.09216965506315614
-0.09716603336756094
-0.0918614057849927
-0.10036172326798654
-0.09518229195369216
-0.08943880047092077
-0.08665759559074049
-0.08447742415863845
-0.10088438507366139
-0.0898929305935928
-0.0938082691108291
-0.09287185818465205
-0.09670997898820179
-0.08766155657943533
-0.09450459293765277
-0.09555399003699798
-0.08891291759247053
-0.09710488515294222
-0.09447450407700844
-0.08552049299192128
-0.09219088152885045
-0.09168914628312766
-0.08665987344133137
-0.08884501303061725
-0.09098926226014054
-0.09744809473159503
-0.10010029373528889
-0.09860178346413932
-0.09896137230746706
-0.09370980802665052
-0.09066962976291776
-0.10054450159614826
-0.08804643836584392
-0.09083422381368128
-0.09948847934311579
-0.0974544510243834
-0.09607996183971854
-0.08434025519477556
-0.09411307760133206
-0.09194899249350967
-0.10033201155745809
-0.09434920586305001
-0.09156692575980252
-0.08881493164425286
-0.08748167511526837
-0.09652398581988142
-0.09414653540919572
-0.08864677742323455
-0.09298800002968868
-0.09109155016874718
-0.10230750672824614
-0.09620222011929142
-0.09110179359769277
-0.09205529576969676
-0.09069025585139398
-0.0962840198505904
-0.09519019898374674
-0.09168086070108772
-0.09905018290992731
-0.09146138855214295
-0.09296990428031124
-0.0918743629654757
-0.09986216019562949
-0.08763404321384452
2.385233810331026
-0.08633206867493132
-0.007447531034635635
-0.004359795205325765
0.0048463479801522415
0.007897932890565564
0.008312405713349775
-0.0016341414501468243
0.006781198692347792
-0.0003121242749841002
0.007565598893899848
0.0005885945535443172
-0.0009705705586905267
-0.0036595701635442146
0.006332493699141788
-0.009457280313596128
-0.007297174144339178
0.007291634332024235
0.008540532367298648
0.009345789534606866
0.0026109705671810103
0.005147899623547372
0.0047082159106764275
0.005766151061788716
-0.0074205828343771145
-0.009599003812430727
-0.0032460078821244
0.002800695408155309
-0.008207407320153832
0.0021645710304682452
0.008458178262000815
0.00818875768295264
-0.0031954156046421047
-0.005615519257212555
-0.007651102721643916
0.004424351379242075
-0.008317322088828254
-0.0005566040513670446
-0.008773217567265417
0.004457790812774756
-0.005708264304009021
0.009409140467745838
0.008591530200947882
-0.007352593536382774
-0.0011712890975571222
0.005085042107836096
-0.0046527709338643345
-0.0061640745376170085
-0.008101493830211685
-0.004250306014218814
-0.008269424992872847
-0.009551926918235093
-0.0017417743759775785
0.0037192120562629396
-0.008232287115008603
0.0007936708037798823
-0.00022522104568286404
-0.006291554508571797
-0.0015065443352538278
0.008926454737200985
0.004239044557779701
-0.0018458713117913363
0.00983741721096335
-0.006383581339776359
0.0024021904987174803
0.006113068986117624
0.005329052176779805
0.0023467540439425384
-0.007253308949869177
-0.00910197085084104
-0.009265290687584495
-0.004201372113762913
0.003371666001628233
0.006795978595979689
0.004585348032496977
0.00574871385418565
-0.006864254524033477
-0.006689180447501504
0.00787559487196669
-0.0003598593838729647
-0.007849875066420875
-0.008762534672528468
0.0029923034840313736
0.009823674315114935
-0.0015118550250937713
-0.0027704218238611645
-0.0003303764373222462
0.003814548174425516
-0.0026875529394824096
-0.006460035121514883
-0.006989864350474646
-0.0026458207426177218
0.004805751253020103
0.006479857748081654
0.009184894618123685
-0.009004509850471755
-0.007958667043421012
0.0015336101899358523
0.007036548587214653
-0.06331520935788676
-0.07697440919069541
-0.07685464628886046
-0.07578712707020158
-0.07378320509679001
-0.0672513892082023
-0.06835490012919387
-0.07119485088190293
-0.0643724355071189
-0.07023421391781964
-0.07791649538978017
-0.0735771507786401
-0.07472071065289827
-0.06415905943187418
-0.061321495991708455
-0.05998493869773931
-0.06988063324771122
-0.06215143458794732
-0.07003309333273465
-0.06463449545480551
-0.07057126782826711
-0.06440036033963625
-0.07797936220985686
-0.06292370290219015
-0.06776187186539878
-0.07642537890215761
-0.07303743658720584
-0.06347682143325452
-0.06235578348485578
-0.06869953514564561
-0.06134113233643222
-0.06783591575041228
-0.06285182479834292
-0.064117561130646
-0.0699948700076098
-0.06340459626112285
-0.05977898983775136
-0.0780237808529347
-0.06141304622710598
-0.06854539398227505
-0.06085310888945966
-0.07282481505293718
-0.0697321358825495
-0.06737051127815678
-0.061420709900529065
-0.06934135036680882
-0.06446947787651598
-0.06479381854981262
-0.06004992692005533
-0.06770614793492413
-0.07583011095944103
-0.061527611115105955
-0.0746531855096655
-0.07039582503116817
-0.06491820957280503
-0.06702263231885451
-0.0709574634618962
-0.06516900689516533
-0.06421584582100164
-0.06556266774595107
-0.06435702710417349
-0.07315206931769822
-0.06567766746994094
-0.06983672749078779
-0.06211678302256302
0.22142539659881383
-0.07812674982719894
2.401735666779542
-0.06398497622381134
0.22262871033836237
-0.07530551746715129
-0.06885301469224939
-0.07693019359876337
-0.07473764289267029
0.7815567869269068
-0.0678741964393054
-0.07216586106729517
-0.060949128829955034
2.143994100709569
-0.06126455457595699
-0.07694858407815063
-0.07615624547034733
0.21304451547065098
0.226706332707603
-0.07711407901271132
-0.06319326781556144
-0.0744567489259326
-0.06910370375248807
-0.06800051764276974
-0.07235055623834147
-0.06837612155261324
-0.060387789841714154
-0.06025480001394986
-0.07648827609513048
-0.07585649205091255
-0.07632730460870263
-0.06940390168587407
-0.002090522270415294
0.009139994681969073
0.007178750282910824
-0.004236622458893513
0.009983777336922831
-0.005198572236529673
0.00919508045848818
-0.00312244139390242
-0.005162096716612699
0.0016924445457453397
0.0009192305520906574
0.005850418026005482
-0.00644566469072629
0.008673725712441854
0.004248092574614635
0.0072406690097382275
0.006397203801012754
0.008568729777322292
-0.007034399624912349
-0.009204897311480298
-0.0070593350572297165
0.009279098280029553
0.008366955602788604
0.003086228128133459
-0.006466233589852486
0.0027030039196500955
-0.002986634950756324
0.009392605151445119
0.0078384706999388
-0.006043762191895601
-0.008444777861582079
0.00990766496959394
-0.0027460651129021184
0.001410372444793595
-0.002296864323943986
-0.003954084356594323
0.008310394687473292
0.007425184628643984
-0.002653748596075061
0.002876751668857396
-0.0072160574207553885
-0.007509266942509343
-0.0027592069408602037
0.006615827464776467
0.006550908814189373
-0.0005925245393258294
-0.006848231761918761
-0.007409028870377217
-0.005305524015803531
-0.005449906088470893
0.003362801712569008
0.004584347970800567
-0.0071299640194714175
0.00217900053971245
-0.0021844160214553087
-0.007740122344230398
-0.0009757907567011359
-0.0009134334535910527
0.007793378247261034
0.006891121483225908
0.002988582091848722
-0.008226486242098586
-0.006044844949631605
-0.0071467111421383315
-0.003890996894601311
0.006058534225675982
0.00402378638112375
-0.00816077488625466
0.009255984869859709
0.006608909530134635
0.0010068058824487269
-0.005563348648127695
0.0020805431164430035
0.005866031877626555
-0.00026269029903271514
-0.003517069836906006
0.00028237209204555745
-0.00824688962485643
0.004215247337054673
0.009748056013030226
0.0004571329025123738
-0.002961278399720786
-0.00826943319317883
-0.007966022458611343
-0.001466938123555419
-0.0011552033501141734
0.004531573802387408
0.006626978056737926
0.007303765965978706
0.009480738193379742
0.004760712555705524
0.0003928479975690036
-0.007860332398242327
-0.006559577134890929
-0.009923342380771406
-0.007502273978189402
0.007293414942224541
4.379583299744419
-1.4260882284046061
-1.4286293121590365
-1.4242396969666318
-1.4258156315433121
-1.4267390288581088
-1.4272681321292884
-1.0280279054090569
-1.4277864352541418
-0.9677096298004955
-1.425071239868671
-1.4258678447860071
2.033641975524595
-0.6270436283443988
1.0199180482901664
-1.4263827622469845
-1.428673738672959
-1.4242994942896934
-1.4249181429625315
-1.4269065283481466
-1.426725856628804
-1.4283973801935805
-1.424962875859253
-1.4284477386718077
-1.4280866418155653
-1.427268308022509
-1.191527890084306
-0.4553015673409959
-1.4269363678590907
-1.42877016845183
-1.4244116273284246
-1.425583174396461
-1.4274730530270365
-1.4249548752629995
-1.4253349727536135
-1.4270392245991435
-1.4277555470743954
-1.4261674793873844
-1.4282661518484632
-1.428043060681031
-1.428659094810301
-1.4252098006610574
-1.4288731233227774
-1.4262552764509489
-1.4288814271588948
-1.4261962715571093
-1.4275087951093135
-1.4262930428015375
-1.4280929148961052
-1.4287811083545585
-1.4281747526924526
-1.4268054947073205
-1.428231825851718
-1.426116328151312
-1.4281766172293735
-1.4262305427766602
-1.4263155372940692
-1.426244770084724
-1.426633295740616
-1.4249370503429961
-1.425626672424152
-1.4272063458348376
-1.4280605264847308
0.9370916055413214
-1.424658692671504
-1.0083053310977321
3.2706315585288617
4.296787131487388
4.425886238156643
2.0531026003208726
3.447815228179357
3.12514162346491
0.7883229084738842
4.840942696992246
0.05055992765608521
3.5927208433540128
5.21002959288628
4.940889389652214
6.633270997789273
0.9196118933377996
3.5708147372968524
-1.425918194837954
5.096848361569172
5.337454472268271
6.357526449412797
3.1048775580468
4.717175243510278
3.2259484615410647
-0.011098863985261578
4.824611818519564
1.0681596803810909
-1.4256316607577595
-1.428347040163373
-1.4268574239896497
-1.426281199959461
0.41661532364394477
-1.4283553014908386
1.5639496464880602
-0.6167018204934153
-0.6232707000795725
-0.6204273267750202
-0.6185639309961498
-0.6170571714203168
-0.6248443833056367
-0.6203295664855614
-0.622488196842533
-0.36274028965936783
-0.6221701846667773
-0.6186657341405521
1.6686145604312035
-0.36976184922520966
0.8334230824021386
-0.6181706645261935
-0.6165428207347895
-0.623125117050256
-0.6169175482924367
-0.6182233691891653
-0.6170127050351879
-0.6194830034375693
-0.6190288062238307
-0.6264547972179113
-0.6259750436353848
-0.6204046659442829
-0.3630157020504354
-0.3652603631975913
-0.6225342325993599
-0.6168747278905609
-0.6253262155780805
-0.6245864764171785
-0.619347540463505
-0.6226747161743869
-0.6264327645753324
-0.621608581633272
-0.6202415818337377
-0.6187791228239355
-0.6219688788049332
-0.620270667297523
-0.6210184937739665
-0.6193366924811619
-0.6175893616502035
-0.6188881826703055
-0.6215072555455255
-0.6212213655897447
-0.626897973201908
-0.6167360196379605
-0.6244366317647295
-0.6266248270240546
-0.6177488905194973
-0.6208081848564501
-0.6226556605166397
-0.6246810442992944
-0.6212701097352962
-0.6258277190268837
-0.6263775942915596
-0.6178424476711595
-0.6253583740437207
-0.6231592930256183
-0.6225335462883473
-0.6191975980779231
-0.6197846987588711
-0.6260886600476967
-0.6214392479454616
3.900813131058607
0.32787040949679064
-0.6224962148724043
-0.11317704657266389
6.1778411280032905
-0.6178791806298485
-0.6231017772888612
-0.6256188239106575
3.753727063995772
0.7969147693091473
-0.6204628924786348
5.241527469549417
-0.6173000462525473
-0.6270098654081817
5.763086900306017
-0.6195674395754948
-0.6180514222516207
5.106713032167515
2.1810252159280408
2.6069751848382112
5.030798328038657
-0.6223990697041959
-0.623184913282524
-0.6172641510087358
4.2610724377406575
-0.6179151561651677
-0.6189523746286338
-0.6214232151785039
-0.6165253206169603
-0.6197547577889853
-0.3516122596304666
-0.6200192365577823
2.3807327785560086
-0.7551842092960107
-0.7569233857607033
-0.7557492316125769
-0.7513309736231898
-0.7566696221410599
-0.7569484247664752
-0.7588426044696761
-0.7585545486243506
-0.49709714130056604
-0.7563070411725713
-0.7573036942917819
-0.7525793173101586
-0.7557232109682572
1.4813732568730849
-0.7545209674963518
-0.7521990200277148
-0.7570662412798473
-0.7518364648548748
-0.7500142703581613
-0.7536020960029398
-0.7508097494283604
-0.7517696470546515
-0.7554158196615554
-0.7541602936465593
-0.7510162101284144
-0.7544348269598057
-0.7569386360946282
-0.7538745771399629
-0.7520402676573699
-0.7560647707297357
-0.7553222948487366
-0.751492096745661
-0.7541124842577608
-0.7578860702148151
-0.7556232940562516
-0.7526089296896844
-0.7558979824249653
-0.750165724458988
-0.7518612872222374
-0.7525989160724612
-0.7545784720726552
-0.7498946854330439
-0.7582324538242466
-0.7508848713758415
-0.7541740161651688
-0.7588234323333769
-0.7520431736331608
-0.7535990383215974
-0.7565107045857526
-0.7505472422802679
-0.7538717465686549
-0.7537391552921718
-0.7557825456392028
-0.7507354586638245
-0.758996394471018
-0.7569731115797549
-0.7500844462161548
-0.7540706686004415
-0.7523978607644634
-0.7535230243186332
-0.7563492380563818
-0.7584526483898911
-0.7527418029551044
-0.7589812207922514
5.763933521211382
-0.7518202449652027
4.523195893272057
-0.7523640102283256
6.330813589543525
-0.755814764952528
-0.7539060557390017
6.374924363147139
4.006034206969697
-0.7589834502759678
3.879043405739386
4.230200649867321
-0.7558878030988934
-0.7556780744850354
6.318050148220753
-0.750901946659109
-0.5046797639237124
4.486067599600599
0.4440993372776779
4.284207368701644
3.800581674399094
-0.756935467458045
-0.7549218747780837
-0.7559574635682855
2.7908697842423784
-0.7553593419013772
-0.7549209616580277
-0.7558377889956112
-0.7553447504328398
-0.7513568541100654
-0.5171969972977911
-0.7557875245379188
6.63585661476413
1.4807741261576048
-0.8960215307053536
-1.1045143153897818
-1.1066333835566569
-1.1084025142087934
-1.1047567656213924
0.43284214206819005
-0.9089426957062374
1.445648294796781
-1.1082816321233115
-1.1061072165914358
4.446853632662682
-0.4090978652121193
3.8222283847663645
-1.1059256161446904
-1.1075408141339227
-1.1054199555821016
-1.1102290739744938
-1.105142071533917
-1.1096702145522617
-1.1044586781348626
-1.1092447170204427
-1.107981978505321
-1.1057052939245162
-1.1066640350816512
3.1907260457422133
1.856488879592549
-1.1064922022315258
-1.1103513937090168
-0.8966562085311363
1.5994565839434467
-1.1096931315875962
-1.107353400587422
-1.1091456136028504
-1.1067893133312516
-1.107002673025641
-1.1083008234063194
-1.1061188418239918
-1.1091504643825103
-1.1049061246910203
-1.1039795013593727
-1.1047315834452236
-1.1050951183305588
-1.1099216781429149
-1.1046959217599006
-1.105672231995481
-1.1075480959717718
-1.1063243001585858
-1.1052069356728638
-1.1101744673744467
-1.1097202218918376
-1.1082044282463281
-1.1044819104268473
-1.1054476830330209
-1.1075144912780532
-1.1087469596522013
-1.1050806486895821
-1.106855735977295
-1.1098654654888986
-1.1085410262496775
-0.41811626719638323
-1.1060645248716572
-1.104813371528545
-1.1104257804674744
4.3370529308745125
-1.110083202997891
-1.1049061517193157
1.1497161417474555
5.25819042166035
0.19484520054081947
2.8039731514374946
-0.13867034140555332
4.721405961394378
-1.1047161871827844
-1.1055601905251973
2.626231136532257
2.596204863917311
1.49589262412037
3.823446619447194
-1.1086462267476376
-1.1088944193169188
3.613849316891657
4.071680603057014
-0.03489349838888974
2.7272991678269265
-0.07452994758150745
1.4746641341359077
-1.108198780785972
4.247767645221674
-1.1085834393283966
-1.1057671698437108
-1.1083092634592229
-1.1060497223927959
-1.1042151573890866
4.56923252840165
-1.1093083154455465
6.507009056569271
0.37125435722615047
-1.7467097161840153
-1.7495371733925424
-1.7488807631539163
-1.7474016136603276
-1.7471411688148617
-0.8088308582289637
-1.5687884284164286
0.7907436811227719
-1.74877790555527
-1.7479583334623172
4.3086451289799905
0.20933995380046183
3.2051175317806644
-1.749456727082321
-1.7495540232706726
-1.746796799403282
-1.7485246712826734
-1.74726104807885
-1.7470944473431276
-1.747730174887569
-1.747175800076418
-1.7471519957856059
-1.7495949475909736
-1.7475620810702406
2.038228674131173
2.0694765344537323
-1.7475140612391349
-1.7486465946676197
-1.2171024755826387
1.5073617892822893
-1.7486174827984076
-1.7462566405129734
-1.7471372599160009
-1.7489555891041526
-1.7483526299104422
-1.7478463759440808
-1.7486216089292237
-1.748246436966014
-1.7481801213876698
-1.7471079537493872
-1.7477594045552505
-1.7480318961241448
-1.7475366958816891
-1.7478382232107066
-1.7480924808501515
-1.7494057239171326
-1.7494626034487883
-1.746793768697473
-1.7479949877013157
-1.7492055524069947
-1.7478818320634728
-1.7465949199684079
-1.7479513614426556
-1.7474980295766265
-1.7489631597234723
-1.7482998059931865
-1.7489371106514668
-1.7491732303072483
-1.7465874123407523
-1.7466531114641308
-1.7479744891567113
-1.5286741816524925
-1.7481505665178572
5.125096686680644
0.8832718592904995
3.264683806738682
5.505128588632407
3.99249349094008
3.080133010397828
1.9102292742695168
2.3229973361782967
3.6165990592675152
0.7760396416387616
0.9276785109217276
4.110731514924435
4.156128344653248
5.933633489544278
2.6688295163253106
4.111027177835192
-0.07157046379664062
5.819280988954174
5.022553594560641
3.8949440475402435
0.04057510798359542
4.163279504966896
2.1166078836823106
2.062998252495311
4.148920691418931
-1.5125659658771415
-1.7469134704508336
-0.2999045080770074
-1.7467998352567302
-1.7486642544880944
4.231316168248877
-1.7479733865835088
7.048998858373615
-0.48930653608067254
-0.748721704966045
-0.7527057884632097
-0.7522801561967214
-0.749685045531406
-0.7470662497514602
-0.7506052290717137
-0.753347989724869
0.1789198468087123
-0.7507013289307722
-0.7538132525709699
2.0145556028114475
-0.4833481099610539
1.835849048062168
-0.7550083497862076
-0.7472246818273519
-0.7517073059983589
-0.7529924962943474
-0.7465184713148713
-0.7495845733503944
-0.748135240656789
-0.7480861316709996
-0.7482289443765912
-0.7521983186477698
-0.7551268856818303
-0.7497116765452043
-0.7514904778322001
-0.7463239049632966
-0.7506472485964815
-0.7479164320609859
-0.7460881899802886
-0.7540949382199857
-0.7483440104226406
-0.753374345436589
-0.7515041396915849
-0.7531322061522295
-0.7525425763136362
-0.7529397325979008
-0.7531420463258921
-0.7495259697110875
-0.7531101137081454
-0.7525259082266053
-0.7510448687511323
-0.7544201853526187
-0.7464807177385677
-0.7544527788714258
-0.75166181006175
-0.751910781487918
-0.7498497480894918
-0.749109096924131
-0.7483520955174287
-0.7505373917074185
-0.7531532661703527
-0.7521342936417591
-0.7548315132225195
-0.7466555611123443
-0.7540823932074913
-0.7501429022202712
-0.7531851636270597
-0.7518742269240197
-0.7520064079296686
-0.7544599517577415
-0.7481124629917286
-0.7515133957782928
5.312706494049241
-0.7489375836425511
-0.7485098387803744
-0.7482111113056531
5.474206086391644
3.592648461955965
-0.7477869952145801
-0.7477030543116605
4.561225289332296
-0.7457949528814556
-0.747103454836513
4.1793973342788915
-0.7537827219540789
-0.7481388122769175
6.048044687429312
-0.7492690319804914
-0.7531487840176639
5.40432212384246
0.41870393143383255
4.862268599565197
3.9398795021479946
-0.7481239135006948
-0.7503574662068041
-0.7471277076351183
1.6313199250342465
-0.7536579164726283
-0.7479873856324789
-0.7490434277736714
-0.7480437064450944
-0.7467887511715444
3.7328898915554025
-0.7506230069844788
5.596330296142565
-0.8767832472613349
-0.8737772838564904
-0.874782561891681
-0.8707965669241249
-0.8762372559961544
-0.8719087661056911
-0.4551327373980402
-0.87232343480986
0.22048656644854198
-0.8717964091190966
-0.8706012255797333
3.108005711562967
-0.1262794562728253
2.285825152930043
-0.8710943455349667
-0.8728243198630613
-0.8724267545968664
-0.8752361363473271
-0.8757457653242416
-0.8772225758873207
-0.8706558584227462
-0.8773069302988404
-0.8735084940010331
-0.8722173306596303
-0.8749956062380673
2.9705086340939526
0.008943142468570194
-0.8740642933645802
-0.8740924051807183
-0.8742521273685514
0.48048507347366853
-0.8757161038398037
-0.8732787876376594
-0.8718940868944156
-0.8716423735018943
-0.8706809058912803
-0.8732635458641932
-0.8716365655043742
-0.8754323889664127
-0.8760791910756842
-0.8778221792738953
-0.8728796072448421
-0.8752033786956146
-0.8723216184438982
-0.8760396727877546
-0.8697997167053417
-0.8750790993947635
-0.8770831200134136
-0.8749206855180998
-0.876997666403115
-0.8722057339334727
-0.8758437934299561
-0.8766265776101692
-0.8709166467481789
-0.871666083266257
-0.8775850205011817
-0.8712722077447485
-0.8713796109770595
-0.875239451360555
-0.8715068270209309
-0.876280765481629
-0.8773694235938453
-0.6313177720541034
-0.8704731631176996
3.7925126288130167
-0.8733029906120183
-0.6416834776249816
2.931738631395691
4.970500051679222
-0.8717772445014028
-0.6399662860754368
4.926694713745132
4.690932524398991
-0.8776279287620619
-0.8712205066003421
3.8375238322867786
0.8421958770664182
3.026482350606116
4.527644800457131
-0.8775890839331572
-0.8759922442575541
4.565495394379843
3.361968737005166
1.4690260192576376
2.4615485384801286
-0.871356437123474
-0.8769534854381303
-0.8706033472992567
0.06267260353884539
-0.8745498576936191
-0.8754018900630952
-0.8713442707177808
-0.8704690663187629
-0.875543542834668
3.496404796082315
-0.8731898189653723
6.19317967588799
0.1548237664451902
-1.0028314951490667
-1.0033267277677806
-1.0015179313740465
-1.0043537474431214
-1.0029751943592156
0.01415415201318446
-0.9996181251289832
0.23040697200391796
-1.0046232072403423
-1.0027635521237646
4.527406547457726
0.48158611666298906
3.6845500867846495
-0.9994294454084278
-1.0019177337687746
-1.0028332096817612
-0.997600391860191
-1.0047161359425436
-1.0039266031259284
-1.0001983409568715
-0.9983884347228429
-1.0043703904047956
-1.0022111665924658
-0.9981315241197836
0.5561379278540923
1.52879705739616
-1.0038892364729555
-1.0029526276932899
-1.0022253641983
0.8133251220297919
-0.9980164020579627
-0.9996472588535953
-1.0012478814742642
-1.0046657897552278
-0.9996224532500595
-1.0020836382804534
-1.0005116781114383
-1.0016233212394001
-1.0012641439482488
-1.0017918600387696
-1.0019997252654314
-1.0015401084954973
-0.9987420817106525
-1.0020065677310719
-1.0027130036802523
-1.0024673807989166
-1.0008064316491039
-1.004188365130326
-1.0003691760448739
-1.0014866872172319
-1.0015061392780245
-1.0025275188938148
-1.003578681943989
-1.0015438401949308
-1.0000959465849184
-1.0039827467732
-1.0026505563520163
-0.99940257100894
-1.0007554097757274
-1.0026440184296477
-1.0021060264348411
-0.7407961276733376
-1.000823397207575
6.5604121132430615
0.5190266823806334
-0.7739391814344935
-0.763856977784986
7.567673351084033
-0.25678383325409965
-1.003428498477903
-1.0040250413190488
6.202094455988214
-1.0041095059899774
-0.9977308626028857
0.5501183983838265
1.7516678963097434
2.3796029170886825
5.621692548612886
-1.0037198294154428
-0.5035144944540811
3.542892402832323
1.6821473293903597
4.294389436639874
3.7672386676516885
-1.0045387448734526
-0.7638161524691272
-0.9989232850648274
4.544784500002769
-1.0035486972180643
-1.0004381686043522
-1.0010507478100716
-0.9987677184135397
-1.00340907142393
3.5666605828378386
-0.9985975891671521
-1.2181249831245853
-1.2156888654241726
-1.2180289936397812
-1.2155635846820325
-1.2187047761795449
-1.220220550769806
-1.2179092376866434
-1.219862288626361
-1.2188690058959915
-1.2163833511302964
-1.2206033716331954
-1.2154158670713622
0.782831563189115
-0.7755841032088846
0.3509731925138037
-1.2180986745098985
-1.219132192620967
-1.2183434126358612
-1.2158780607125452
-1.215142292277913
-1.220512420781531
-1.2151081286153298
-1.2182485316710052
-1.2191498116298534
-1.2197009055641284
-1.2189325150314225
-0.9626511443636784
-1.219366096321909
-1.2198895690800842
-1.2177602530767269
-1.219399976214984
-1.2155321090326592
-1.2194678730218265
-1.2186441670694859
-1.215474706073497
-1.2152202963339378
-1.2180431890784642
-1.2178468431068787
-1.2163817399570598
-1.2154321417161291
-1.2164687233495126
-1.2162832527493237
-1.2197237297430439
-1.2183217210748172
-1.2176833178781816
-1.2151601402991323
-1.2201810165059237
-1.2185713086829957
-1.217089303893578
-1.218851295354209
-1.2149703757520678
-1.2179413053299795
-1.2200562830068544
-1.2190422461930999
-1.217543253139808
-1.2202066917124588
-1.2149420687675136
-1.2197318691105878
-1.2189248003522395
-1.219052376571724
-1.2188764150135865
-1.218515008393827
-1.2197376654410539
-1.2194831292465997
-1.2152168228042755
3.397011941599526
3.257453702085068
4.9832040401105235
4.860396264794577
4.833707705495443
4.504233977413585
4.3888028917884245
-0.9606336651250186
-0.2679383828245769
-1.2149971723079724
2.9401682165148246
5.361877721927366
5.341146872065655
6.741399492369813
4.797165290695263
2.697524431187516
0.14064792292754738
5.10897970978029
6.3139286192709445
6.776243551566218
1.770314389355157
4.4925291284665265
-1.2183354204911805
2.175073492742509
-1.2155269229008445
2.2041155236945666
-1.2172306493125846
-1.2153977298417207
-1.2159207147129298
-1.2166230058035927
-1.217187826195628
-1.2190331997936228
-0.16811468514286196
-0.17125297228750358
-0.16997330867124116
-0.16587367870786948
-0.16052120694051497
-0.15586062838646975
-0.16331032691679737
-0.16061567172666996
-0.17192753091344232
-0.1580882719197402
-0.16412886435935709
-0.1719512666411754
-0.16327670890777227
-0.16370097215854634
-0.15747401479425122
-0.168915190544252
-0.15703205155879327
-0.15717970657067742
-0.17145107606898602
-0.1708252595901137
-0.16343105964251725
-0.16122535661864335
-0.16642229935279032
-0.15930196285855802
-0.16924626949093272
-0.16636979859537546
-0.1707568100868791
-0.16664481426282468
-0.166422041125652
-0.16064804090644222
-0.1682396452037089
-0.16424161499862938
-0.15624760789046946
-0.17139424945858703
-0.15769275403220734
-0.16027914462134116
-0.16157744223849627
-0.1592837345283932
-0.16471817807858963
-0.17175922524749557
-0.16995613909555388
-0.16040456230340402
-0.1671223554855303
-0.16543334060844553
-0.16164537498511222
-0.1587389158170299
-0.170548470913585
-0.1630663424059709
-0.1590979710536097
-0.15814887594165347
-0.16722426851955036
-0.16797637505786384
-0.16923143360299878
-0.16094231417305388
-0.17031887145134225
-0.16703790274210614
-0.15702910010764037
-0.16744716614956817
-0.1659530115997528
-0.17233454017510574
-0.15805253635825775
-0.1642160198670938
-0.157125641671629
-0.16873806578409897
-0.16708340911519146
0.93779897929853
-0.1677322110184005
-0.15858989694342004
-0.16309899957450988
4.201843946339853
-0.1635859280947278
-0.1656032080675548
-0.16903420044292408
-0.15745921560975473
-0.17183441005533706
-0.169112966965289
-0.160539241660576
-0.15913964307973016
-0.16200368305564436
4.7883192575579745
-0.16680242774977383
-0.16678581258385516
-0.16898347317399107
-0.15888441949439736
-0.16173606671747578
5.3316264195408305
-0.16204931703092162
-0.1648480159457778
-0.16241740376264402
-0.17117738357439932
-0.15671578084185328
-0.15789222380353246
-0.16412353753673328
-0.15589446994458392
-0.15866389694484534
-0.16999601770561432
-0.16332584643018422
5.342369114081342
-0.42910875155346134
-0.41981681689586386
-0.4227679023575661
-0.42822011762371975
-0.43055295142376804
-0.42625339361157916
-0.1613589513205266
-0.4288107178968118
-0.18008495790881485
-0.425619644010353
-0.42125372383962184
2.458565744715755
-0.4265771744978204
1.679318898203256
-0.4301379133187356
-0.43046150929651106
-0.43119674486994486
-0.4267243322986158
-0.42938435380412415
-0.42310046198793433
-0.4306808942100025
-0.42149865569117867
-0.425335937406888
-0.42606598381246724
-0.4257607806867019
0.11877532220122634
0.09593550214779445
-0.42472386704062526
-0.42224686319885163
-0.42431147354538795
0.3425578712975654
-0.4192368575455615
-0.4230009546869987
-0.4240155368645528
-0.43166301550357217
-0.4211279212178525
-0.4248379152387691
-0.422039182149813
-0.4199012670270253
-0.4223737877602162
-0.4277967928202202
-0.43115657343915714
-0.4274352986532296
-0.41937919183271766
-0.4320711872033339
-0.43066996747741143
-0.41933308001063185
-0.4263621022194777
-0.42677753028850113
-0.42488985227692694
-0.4273447595042165
-0.42045951366683065
-0.4239331709682786
-0.43180320811383555
-0.42197532373633934
-0.42078128087744376
-0.4262453367622102
-0.42383627531770074
-0.42617662705419934
-0.4308683709829589
-0.42271545377600545
-0.42875399029764844
-0.43184575462000074
-0.42828203191339187
0.09152937237509955
-0.4304924242755815
-0.42006481779815275
-0.42075485016606845
6.38103870900731
-0.42073592815979394
-0.4313254177734736
-0.15743615066398003
4.97032969776007
-0.42035282429240095
-0.4312201385912942
1.7099614331942596
-0.1740943840855587
4.654619919584842
0.3203920643987901
-0.41996061402197166
-0.4318304345243034
-0.42154971331268787
3.6671977905055537
0.104328978145625
-0.154773405711624
-0.4232712652949826
-0.419297819768477
-0.4211058186988522
-0.4227830668979155
-0.42974560389794136
-0.4239497548702117
-0.42694091546379237
-0.42770814173927757
-0.43029097934019195
1.6738473223646997
-0.42532255138924063
5.897305032106895
-0.3324744693301161
-1.0947892858791544
-1.0929686260952125
-1.0938430046373864
-1.0890516939513653
-1.093145388933756
-0.4764185182447877
-1.0948143545653966
0.05643188024510029
-1.0912429793550131
-1.092813602954267
3.4068215975258784
-0.1101083797694033
2.6267486916371436
-1.0939232085017538
-1.0923716247114446
-1.094598070426823
-1.0939342446759353
-1.0936180996590932
-1.0945970410376313
-1.0917780432922737
-1.0921222014651548
-1.0903875130081653
-1.0896974135152462
-1.0938578523887525
-0.16318064415692562
0.9589759665485478
-1.0938041779316292
-1.0897125435996526
-1.0945965846189336
-0.07904243599153507
-1.0933570139746467
-1.0921157364525853
-1.0895390311735902
-1.0913060033857829
-1.0898717720212363
-1.089229085624807
-1.0889510464737784
-1.0896003541142474
-1.0910125518489366
-1.0935053446077583
-1.0922590537773482
-1.0936382787218673
-1.0933893701124178
-1.094445044373426
-1.0897816430171718
-1.0904002797380432
-1.0948666217714649
-1.0909233817490247
-1.095079301146556
-1.0947940914008942
-1.0893769272841247
-1.0941807547670535
-1.0926072841696417
-1.0932924218897713
-1.0933350958535757
-1.0896177956542048
-1.0901674396183465
-1.0907684411067475
-1.094101540110493
-1.0902033600463086
-1.0894875021647878
-1.0915220868657824
-1.0918408279905805
4.820356930522567
-0.23278679262083976
0.14398605424579458
4.785305502423519
5.493165220906223
3.010656074909421
-0.3630845771331972
-1.089430536468485
4.95033035056651
-1.090499669833073
1.0417837644736148
5.986661695809998
1.255268387789363
1.3816733106709111
4.76681810393867
0.6667029550327263
-1.0922123168070847
1.2323481721884804
4.017034075956242
2.8829416830997383
2.4781619372512558
2.780301569852087
-0.015185643635264636
-1.0913834980932653
4.716645948104646
-1.0917322654176222
-1.0950403120619243
-1.0905270791837394
-1.093673088208724
-1.091593288448315
3.425403829174131
-1.0945191703659156
5.851638892361104
-0.28122925744185884
-0.9493895322477043
-0.9520860004442175
-0.9558383376972291
-0.9502133403165537
-0.9557384034051496
-0.6969508473557622
-0.9505556563113476
1.7219594859286096
-0.9532520913088
-0.951539881453614
3.8867475353360845
-0.9558445933405365
3.824103351023913
-0.9512522529236824
-0.954508385579025
-0.9530068951334328
-0.9526232105676853
-0.9505627839102305
-0.954541183554685
-0.9495170548738382
-0.9531649153027826
-0.9558321367219048
-0.9516653362697775
-0.9553084406492411
3.473147250751376
1.6061072872694404
-0.948207522959551
-0.9553762075557339
-0.9514177642046965
1.3997295424670346
-0.9536775437299903
-0.9537378042146961
-0.9490498748324022
-0.9518306416623294
-0.9526680567718923
-0.9532174545764198
-0.9492667784922673
-0.9499872212287384
-0.9514681335257074
-0.9557630440926619
-0.9523595539907269
-0.9524174040047687
-0.9555627858839153
-0.9509061488812881
-0.9503416291207897
-0.9554561176507996
-0.9550786063128736
-0.9500225677937167
-0.9529633674313155
-0.9520453192097721
-0.9521896543314334
-0.9540324163004186
-0.9523344950384927
-0.9548536220766395
-0.9539668687646645
-0.9530483744125825
-0.9551527458488925
-0.9493226710800596
-0.9498322218900872
-0.952302760690359
-0.9557515862176663
-0.9558429343978285
-0.9545207899548891
5.77179375251416
3.7324418543932527
-0.6998145887676673
-0.9487534181040647
6.416313145616662
-0.7087613856264435
-0.9533505042619702
-0.9513541180991285
4.343184916078956
-0.949403040528984
-0.955293060835616
-0.7130263612871208
4.0225800828666705
1.6122579669124573
5.280270490554654
3.912273833477344
-0.9515715101645248
-0.24540683237726754
2.8027822514124456
-0.9543101233638239
3.465178206317668
-0.9526950619880743
-0.9484064577530071
-0.9509743614577778
5.537482161935424
-0.9547821694570672
-0.9528537916796228
-0.9481457700208824
-0.9539363513518364
-0.9519029988006815
3.152513166520852
-0.9500225478549182
5.957017732197475
-0.0900194527230332
-1.300542747952352
-1.304235504795312
-1.3040046049190313
-1.3052740644878453
-1.3008762536597493
-0.5437232413231947
-1.3042874928019845
1.2766341156135734
-1.3044466985644054
-1.3043923964331439
4.245025900460808
0.9101647916962525
3.2163997405221543
-1.3043660934131573
-1.302047245669245
-1.3048511907547047
-1.3038847545311383
-1.3051483970273365
-1.3040174441464458
-1.3021771138042784
-1.3030907858102154
-1.3017174359227772
-1.300928822261048
-1.3008649473482794
1.375590715044648
0.5136908981196999
-1.3049471174110892
-1.3013122826671777
-1.1125519099479049
0.8514638319733376
-1.3023818015279034
-1.3031884969217693
-1.3031071400237615
-1.3003617776356007
-1.301202264077098
-1.3019269279940582
-1.3018657623027876
-1.303930927524673
-1.3046689592356762
-1.301883568548594
-1.3052497314595437
-1.3052657637623544
-1.300289706455761
-1.3050840832998805
-1.3008500282588842
-1.3028939842100111
-1.3003299739286764
-1.3048183506471114
-1.3026260273827266
-1.3003324518457213
-1.300900676758226
-1.3030754931776252
-1.302773660018221
-1.303305665643764
-1.3045910814673378
-1.3037977579487252
-1.304792158828053
-1.3020189593111187
-1.303160069283448
-1.3006157701703989
-1.3052567955500256
-0.5367879827383564
-1.3049439505873321
3.5714667173890122
-0.0033058668633466144
3.9589126835422106
6.197626785249021
5.017213215603165
1.541643635728855
5.6671316715886615
-0.01641624534726645
4.118871521402837
-0.15053726995011774
2.419692000430029
2.1097006025072824
-1.0499924608691222
2.867619277710637
4.9681080674283065
-0.8528906694134327
0.44431024607862124
0.4978018194038367
4.790961193248874
5.404423636589209
2.004326645246087
1.9433268814903226
-0.6799451076781248
-1.0857321094968773
3.7347095655239575
-1.302976234709059
-1.3002260431914567
-1.1025113157735664
-1.3022983643509718
-1.3021914457153583
3.1311160052470433
-1.3052647943729612
6.017012102805923
-1.146907183445556
-1.4049716206633684
-1.4032338839121288
-1.4050304874923367
-1.4056448768675995
-1.4019562969127186
-1.1610667800719392
-1.4040030176017722
-0.9613810562192648
-1.4045776284686406
-1.402328960556476
1.7818070954093668
-0.7273276859113718
0.5544262812944625
-1.4035386910173482
-1.4061948227889671
-1.403322686592419
-1.402675972102712
-1.4052608498590475
-1.4022140438159127
-1.404553899307874
-1.4066475925120687
-1.4064753428231906
-1.4022703522568634
-1.4040057608652112
-0.7457077677761371
-0.5622071826768491
-1.4068334560705027
-1.405308517656656
-1.2207373709937392
-0.16119192778508035
-1.401956033636353
-1.4034240046796982
-1.4028000188329408
-1.4041534145981072
-1.4032118173054469
-1.4060107956158494
-1.406480524878994
-1.4067079473263766
-1.4049235547953722
-1.4030884187623756
-1.403809894827401
-1.4054336360846866
-1.4065414740574116
-1.4030760027782199
-1.4032511076595513
-1.4052603937373633
-1.4065067996135052
-1.403331333488727
-1.40657382072373
-1.4036171634527277
-1.4056223224396927
-1.4025211979468044
-1.4065304588631888
-1.4038611992063417
-1.403729219641324
-1.4055509322386277
-1.4029004475603275
-1.405196944004422
-1.4051193335027359
-1.403841208636948
-1.4022494583339256
-1.4059936926914895
-1.4056116496604099
1.9311687015560053
2.071179170893558
2.4222653027649383
4.789414497005208
3.172415588120892
5.679805812508364
1.9429314438002891
1.7018726443273848
3.02411683579126
-1.4062196142667438
3.3234084915222435
4.148322973421727
5.112607201933788
6.062736994669377
4.065417520517401
2.715133278984831
-1.402285660114313
6.0301345802922945
4.740423080708142
4.858966858942372
5.534131307018675
3.64993950968385
4.195497231446927
-0.3157992844013444
1.1174041480674919
-0.9905582634150354
-1.402426751967042
-1.4059091072942322
-1.4039816187084957
-1.4030142005438713
2.9876898402849488
-1.403835604566308
4.397539120671601
-0.4940257474793566
-0.76307729447792
-0.7685345793016927
-0.7642029581640941
-0.7633588490663665
-0.7666563650763827
-0.2875428688621326
-0.7649690813186529
-0.7633351983134283
-0.7606044782683022
-0.7628236235017883
2.1348849877455582
-0.7602658580651175
1.620578896128624
-0.7657012897959002
-0.7642116216389029
-0.7608859869868433
-0.7659614808194088
-0.7662662209712124
-0.7655764417173031
-0.766403653796993
-0.7633550525597322
-0.7652174986738415
-0.7645986941048848
-0.7665213861078529
-0.7604684546041763
-0.03193436425603303
-0.7629726870167599
-0.7684618264732412
-0.7659297157403978
-0.7621480413736221
-0.7648725806411308
-0.7684342904149044
-0.7661172123930273
-0.7659580392467549
-0.7638332588700503
-0.7626544439623479
-0.768135403883516
-0.7683135049076991
-0.7691843214778502
-0.7618386636250123
-0.7690565532622243
-0.7621917735926343
-0.7621736376045407
-0.7634198378023241
-0.767059190270676
-0.7652515167929096
-0.7607468894714995
-0.7665898837367924
-0.7680733450960461
-0.7675645660153099
-0.7675514267217869
-0.7689470146430919
-0.7633076227115007
-0.7663015088147334
-0.7619767103810834
-0.7648120150523796
-0.7658066497742616
-0.7645414345592534
-0.7630648638451889
-0.7671706360411835
-0.761657520250521
-0.768909536008549
-0.7604258466693035
4.927551081452886
-0.7668553219912733
-0.7665079723126252
-0.7644104630924853
5.475649342350403
-0.49612155109771655
-0.5110115460289393
5.243403121954507
4.443374332242115
-0.7598988522695868
-0.7683598063878878
4.859800902163049
-0.7679330346456944
-0.5206420771997929
5.555257034143814
4.156597872679883
-0.7661233810960142
5.017702605156533
2.598193359021926
4.5720856085285435
3.621392784671813
-0.7649113787365364
-0.11845722719869056
-0.7623508252456103
0.17902861395932593
-0.7658740453472491
-0.7652214893148309
-0.7689036429401649
-0.7627746774027299
-0.7629709349567041
0.20004107043614022
-0.7626290975744406
-0.07661631214448227
-0.07668175619397533
-0.07885817672806705
-0.0771305185868914
-0.07391836001448907
-0.06759292514036021
-0.06425373752934502
-0.07738922117105525
-0.06323291607692454
-0.08109509090627767
-0.06691421932483707
-0.06575025391784077
-0.06683361805678131
-0.06623563794414372
-0.06471224723518887
-0.06834360180867116
-0.06694887406437523
-0.06361460586156809
-0.06609635831971765
-0.0694618340851944
-0.06731106150458625
-0.06577525331486596
-0.0809279152210975
-0.07297640157434186
-0.06672706743490815
-0.06766229836427975
-0.0676526104754972
-0.06384581733045253
-0.06578495812450787
-0.07838287130649095
-0.07273525487948322
-0.06953219627069078
-0.06733792097618074
-0.06285481303276697
-0.06997604963065802
-0.0770614320295998
-0.07584824356138894
-0.0789177420325292
-0.06675128615445466
-0.06360641201953897
-0.07372341149877312
-0.07298988673516235
-0.06748690262230961
-0.07839725017241744
-0.07752048580302862
-0.07246082742354246
-0.07109125775934848
-0.0700246431047073
-0.0746600531900412
-0.067821551107752
-0.0651408826447999
-0.07799847041255735
-0.07114629698234423
-0.07464079307777102
-0.07087550328191133
-0.0678348393323922
-0.08014917689923859
-0.06545193482867817
-0.08041786354570837
-0.0665284265210611
-0.074497664788761
-0.07438129091986924
-0.07865687134626399
-0.07283445442438699
-0.07262248416683945
-0.06568603344979067
-0.07404437092645914
-0.0807568884336773
-0.07680091899910646
-0.06284156301374322
-0.06440941304227552
-0.06473048624936277
-0.07630050443756184
-0.07345827543798698
-0.08057052914139706
-0.07997307610006409
-0.08023542128527021
-0.07620405160674959
-0.0763950419451372
-0.07715018492280873
-0.0760113423570017
-0.06335852857344991
-0.06795784594865013
-0.08009321079727584
-0.07753841210434771
6.919821552176701
-0.08029070798120044
-0.06568053553791564
-0.0733226415942056
-0.06883660241597668
-0.07466460701836092
-0.07228901856888195
-0.07287026945315511
-0.07698475146726533
-0.06668447775996224
-0.07440819538383124
-0.07293802491740387
5.915342343145051
-0.476770264684066
-1.3794975829246698
-1.3781049938951897
-1.3789339022391387
-1.3753738255753367
-1.378034623183789
0.06330212633810087
-1.3760235663837264
-0.267997906347396
-1.3776047243392813
-1.3779212103957066
4.168356525638323
0.5261011776844086
3.3502485809135143
-1.379409113269895
-1.3772996606566303
-1.3760105310599589
-1.3759933234396364
-1.376120863177301
-1.3773799306018126
-1.379410600349453
-1.3792044116617714
-1.3796037714275344
-1.3753149406622474
-1.3780358147779919
1.1991556279845528
1.0148780321759783
-1.3777744208877
-1.3794356222501463
-1.3761665761213502
0.47449716209273
-1.3768745571885848
-1.3788834939762713
-1.37753745252276
-1.375427979527972
-1.3781182453022456
-1.3763348106978337
-1.3790647200509538
-1.377522619601568
-1.3786592783820617
-1.3784598829799797
-1.3795095730686262
-1.376859741550819
-1.3769790137752769
-1.3757601627874796
-1.3783250577393351
-1.375234266078423
-1.379518554051252
-1.3771909397780575
-1.376518716301649
-1.3785438056981218
-1.3766812319549553
-1.3771704127831546
-1.37593921996872
-1.3775547642597576
-1.3777027854700943
-1.3766388148761683
-1.376049015377097
-1.3788765561058796
-1.375046385644445
-1.1320987291643796
-1.3765625088524354
-1.3789989731386465
-1.378328678579167
4.6987071371740115
1.036170585632662
2.7048797371564746
4.103413711063332
5.86357401770884
1.869905581914486
2.6977653267234913
-0.40576888858406546
4.518487559412954
-1.3749254965883058
2.75420446368708
3.2468546747762392
2.845151216738478
3.2834380401799725
4.989247890636836
2.5905166685839736
-1.3761772837467319
3.5377533683060847
4.029740655652155
4.380274799769635
2.982850528327822
2.174285024068462
-0.3364728095841871
-1.3755452032041042
4.211917875252483
-1.3791225497234063
-1.377777488871971
-0.9180755920767438
-1.3792914686561468
-1.3788102346395819
3.64295648938125
-1.3781605498382308
6.4823720639186515
0.6151856209661715
-1.3098909368807912
-1.3138704378232768
-1.3129170226399693
-1.313815678684276
-1.3128259682022079
0.0637136181956989
-1.3127309106686733
1.7714823609539225
-1.3103891047004894
-1.3109579649431735
4.598391761949262
0.1154978758876624
3.7958544742891815
-1.3097050479690684
-1.3133107562310404
-1.3144192932971865
-1.1148346580358548
-1.3142445675087053
-1.310761405268012
-1.3103168211463927
-1.3123054932074534
-1.3123999351008309
-1.3107445234201696
-1.3110504136417633
2.721545203324789
2.297325839208613
-1.311398604264683
-1.3127977066211647
-1.3102978776503498
1.6543418504431504
-1.3107136472119008
-1.313142138374985
-1.311577166514093
-1.3118778247612322
-1.3097440397910811
-1.3116717613021387
-1.3115301796548384
-1.3127291137713857
-1.310633345154988
-1.3124902496448223
-1.3132776379210593
-1.3126698017208114
-1.3131791567656677
-1.31279960763442
-1.3098497006843264
-1.3103273944052143
-1.3134615059348111
-1.309975463069143
-1.3137007832470184
-1.3098703799170182
-1.3118957110602467
-1.3105345338127097
-1.3110859166059503
-1.3103780678398183
-1.3125914474907194
-1.31015606083971
-1.3111489213959417
-1.312057749780832
-1.31349968005447
-0.9057953458901465
-1.314234905495952
-1.3133953497300332
-1.3141110806472271
4.8305722268959
-1.097099267946815
2.7201926785728214
0.4487973876265773
5.646535555935388
-0.8592313520453386
-0.14093367218690744
5.394610554785335
4.4361153593836935
-1.3138688679758104
2.3471052611396903
2.246519398364089
1.8349850844665165
1.0360467851646082
4.864406452769399
3.766134392156063
-1.0681125735787467
0.19347284127966055
4.784699316720238
5.4111323015018495
4.042831156566803
-1.3127938904706729
2.917673044851329
-1.3110447293437908
1.285957596278711
-1.311482996073233
-1.3096380369827663
-0.9092093595218322
-1.3118207022882584
-1.311671336357522
3.8104488467897535
-1.3132915104326894
7.126833832270848
-0.20501509190971665
-0.7026509260734073
-1.181011841910513
-1.182070849030433
-1.1837383391938379
-1.1842678463417406
-0.29174954604922215
-0.9828176040008313
1.1136093732561696
-1.1845076950790994
-1.183535868490794
4.460177491277023
0.4166211515957074
3.626234854172442
-1.1860000823639962
-1.1827774216782754
-1.185646263364181
-1.184259937564405
-1.1824942693048603
-1.180989912938333
-1.1848055212164146
-1.1859159824980139
-1.1840674112133176
-1.183185895133392
-1.1865266153315739
1.668333512265026
2.272712792962461
-1.1828003295284684
-1.1837719370193758
-0.9887837883255658
1.2990052741939324
-1.186965031868586
-1.1867529799271281
-1.1863125039026383
-1.1843324876420434
-1.1856457651177745
-1.1813851493936613
-1.185395567545674
-1.1843567441749197
-1.1867649586453013
-1.1816443477804675
-1.1838300453110924
-1.18498554504526
-1.1813730352618506
-1.1836435756627843
-1.182526056962461
-1.1816433717794643
-1.1855985415148074
-1.1826650207006801
-1.1851710989377913
-1.1865917008523303
-1.1817354701127514
-1.1862073960083543
-1.18156529041231
-1.1829792342743057
-1.182593880506708
-1.186883211765637
-1.182835079442538
-1.181009532765683
-1.1823488685915302
-1.1857773823000959
-1.1862353638464167
-1.1831360076953426
-1.1869766830158077
4.579884227323718
-1.1809309585111651
1.6526459648050347
-1.1820527386549307
5.546030096344579
0.7740836343536136
-1.1833621234743426
7.451160831687292
4.9190524116099414
-1.1821976628467061
-1.182276017686464
2.749765781409644
-0.4835109792374406
1.237171305307959
5.979354116954713
-0.9409033238520533
-1.183967744352338
4.521500045810366
3.8143965375918545
2.9570044399594124
3.6652338854871536
-1.1862734862913027
3.092692410026482
-1.1846235388741158
3.866990599366102
-1.181284167366467
-1.1835561045213852
-0.9352456554249917
-1.1845091214800632
-1.1832171397119318
3.7251329933504778
-1.186886037830829
4.112451585130069
-1.0094518751199115
-1.0068854248996384
-1.0112257122383266
-1.013012629956961
-1.008051976537257
-1.0101553469884776
-1.0121654183456492
-1.0123352953171554
-1.0092821444749875
-1.0108205462981767
-1.013216316471703
2.9151544879303235
-1.006483262008789
2.017617888837165
-1.0110318941875316
-1.0069836738409221
-1.010626206222506
-1.0134541281859726
-1.0103716066426849
-1.0083582606757562
-1.013108513390544
-1.0132859745866556
-1.0099850593842212
-1.0091098225428303
-1.0119893614110809
0.7509527584475457
-0.3319853823015994
-1.0083100873321738
-1.0068756883239705
-0.8059200551674078
-0.03172203241332618
-1.013134108025235
-1.0081794274120206
-1.0123370517366623
-1.0099327498937252
-1.007458165373057
-1.0108085817351098
-1.0066134152421324
-1.0100425695827782
-1.0104326608669079
-1.010388186342421
-1.0116316957310516
-1.0076168173232605
-1.0111583753196436
-1.007053578905761
-1.0113688239178678
-1.0102774973619646
-1.0066543309542282
-1.0077553246626771
-1.0080144714106396
-1.0088139038875805
-1.0121066131193592
-1.008158130011317
-1.0109527334681034
-1.0082350600228462
-1.0072680136919754
-1.0133757333152316
-1.0121802647807123
-1.0090531654483996
-1.0122549688869231
-1.0094933647727684
-1.007219084678821
-1.009604823258508
-1.0082868691228828
2.5130242551272226
2.681501014547915
4.2036133335160795
4.011798156151179
3.1857578570887406
1.527019936933235
4.249060274184688
-1.0062798692821848
3.0094438221725084
-1.0079530965286454
1.0981464330195116
4.888354603094795
3.5369402847720184
5.436403064770483
-0.5364931925099591
5.089293309606344
-1.0133463232913684
5.498672425227019
5.173241437329124
5.739477034932885
-1.0066451432257657
-0.7831465108319943
-1.0122056061108025
-0.351185410302656
-1.0117195562782042
-1.007218105751503
-1.0133452966207466
-1.0079748675647369
-1.0072609389647647
-1.0087859527380045
1.880349240170059
-1.0072038136766708
-0.29185636222573136
-0.2940716083296287
-0.2987129035095016
-0.2938437450183443
-0.2948273207886653
-0.293933381913462
-0.2984863773810598
-0.29290522038604455
-0.2941553537619736
-0.29862576853091316
-0.2952300364100622
-0.29355916461461
-0.29296077746270244
-0.3016470086175175
-0.009868062635691545
-0.2996743150445661
-0.301241992383555
-0.2943200925191512
-0.300026885683795
-0.29726535434665446
-0.294155948547269
-0.30149052621890315
-0.3034196479200678
-0.2992086329307127
-0.30027702987817395
-0.29954175822747203
-0.301583537763527
-0.2941736249662431
-0.2927353417293932
-0.30371033609526527
-0.2922093527426399
-0.3034496393225296
-0.30049297932445346
-0.3013751437411451
-0.29630252591362877
-0.29654675554305954
-0.29506308068639453
-0.28983725257817666
-0.29078446596787977
-0.2910664140696218
-0.2995503517583016
-0.2925310217437412
-0.29457140464746095
-0.29102929725402027
-0.2908901125309024
-0.2986397960833163
-0.3035486637696125
-0.30146532988593655
-0.2935394773826885
-0.2973227149257444
-0.29141036054581976
-0.29562940999408727
-0.3029979898904549
-0.29602691880054016
-0.30105134313876425
-0.2994230633772721
-0.30313815085738854
-0.2994244263455876
-0.29003089016363437
-0.2916184923850203
-0.3006950229407782
-0.29486530906495756
-0.29955689264278135
-0.29114149887505614
-0.2897444975546198
4.729767197583459
-0.2968947655497558
-0.3000561744237915
-0.2912047209127457
8.37210936174853
-0.2925677119244965
-0.29529506941826955
-0.29029531024840105
6.248331273654484
-0.2940772686868133
-0.2901767578892376
-0.2985607855567728
-0.29594588286600604
-0.28999155285297484
4.394647513216724
-0.29336030587727185
-0.2957220818204463
-0.2960150246938414
-0.2931850039894902
-0.2997143367570236
0.521142076927912
-0.2954671731028146
-0.29611141078635794
-0.3005193624880277
2.4269980104826203
-0.3035120423908318
-0.29059361426428126
-0.29761405046207917
-0.28908254903626124
-0.29212347796763005
-0.28966506443963597
-0.29978677476681076
5.128185108010619
-0.7162856260131207
-0.7088619614949504
-0.7126905592988098
-0.713522124831546
-0.7115945851793248
-0.7102523330999975
-0.7089653747325135
-0.7103456605680981
-0.19291206714490416
-0.7153941383520314
-0.7105125169185194
2.8734624267073845
0.037697162262913066
1.5818400685494505
-0.7139985612323049
-0.71033659684092
-0.7098315562347424
-0.7151519659795801
-0.7129554917025798
-0.713986431185546
-0.7122603350444515
-0.7122483145908202
-0.7157340272991899
-0.7094544790637005
-0.7152540124780983
-0.7106341731340396
0.21811542196756004
-0.7157351052976342
-0.7128974289790383
-0.70891975406762
-0.7150875875497138
-0.7114883850831105
-0.708571316756879
-0.7141150780041196
-0.7142222640563158
-0.7158728220438182
-0.709928444503223
-0.7148109971730591
-0.7133310501271714
-0.715427326622023
-0.7087589745612632
-0.712406827516731
-0.7145969105190055
-0.7158714204151745
-0.7083258445596313
-0.7088179153673103
-0.7091421920780359
-0.7136642639718714
-0.7144998031706826
-0.7120068499655338
-0.7105994024051283
-0.7115065554544452
-0.7108355914283699
-0.711352042701904
-0.7066888190245644
-0.7116806550259169
-0.7135556155582325
-0.7078191691110851
-0.7088389627933274
-0.7106475304105638
-0.714912264893423
-0.7096967670559124
-0.7111258581784224
-0.7129119277269741
5.852626461134346
-0.7081702934222882
-0.7117601732451704
-0.45841043520613645
5.359127788536565
0.5232571475559769
-0.7161405685917929
6.782330320697967
7.057930594589846
-0.7094681670716539
-0.7145648989889372
2.8410607814292126
-0.7156422257776299
4.330240133698095
5.434058134426473
-0.7143151230456136
-0.7086719628880165
4.000404465430538
2.4166661766994895
-0.7133137518973947
-0.7119137407185475
-0.714172805501128
-0.7102619047148803
-0.7131091799192449
-0.7117375104806463
-0.7135388221782928
-0.7130745349184191
-0.7096698487828116
-0.7071237271954606
-0.7078370255544096
2.3887513658860002
-0.7066916189901605
0.5379795870485191
-0.2488492835132348
-0.24692216134850709
-0.24244029181041668
-0.25093769811973093
-0.24683475262795382
-0.24858734323825415
-0.25335523731731335
-0.2482467889410793
-0.2426366787191118
-0.2501013377014066
-0.24925993689090156
0.760378524870554
0.2900380052260562
0.3029325881059105
-0.24199679735317728
-0.25157666199252976
-0.2435481409500249
-0.24335421533932267
-0.25050872664815577
-0.2532782584987977
-0.24712709600183044
-0.25200089335079473
-0.2537757352977592
-0.25240416132672805
-0.2528935217941819
-0.24988848757248658
-0.2420070601758306
-0.2450439552536751
-0.25134978347057696
-0.24602079474988128
-0.24855551255371033
-0.25526234605089804
-0.2481142500377289
-0.24159414992958933
-0.2454891579755217
-0.24633742107988246
-0.24712926336316127
-0.24565517967039896
-0.24243620043165687
-0.24360446400360422
-0.24689397025109552
-0.2451494891306597
-0.2535970224829163
-0.24216859694674228
-0.25047548397041125
-0.25606177851055634
-0.24637094155296788
-0.24209008779496458
-0.2521222817526414
-0.2509026640801397
-0.249480817705008
-0.25632427944508324
-0.2431963304240071
-0.24690670421324903
-0.25625628702467057
-0.25380644745097874
-0.25395094332337886
-0.24740607380904003
-0.25290689710138803
-0.2528818188582494
-0.2488479448189131
-0.255184469410526
-0.24304084259030242
-0.24361813532230148
2.053730884878198
-0.2427632263008578
2.5648805160012227
-0.2426600368204603
2.278533095107338
0.2885101977506108
-0.24935383984364093
-0.253691572112308
3.2162147534550267
-0.25058103810984084
-0.2465038411616701
-0.25408242936280645
-0.2478902256826855
-0.24304052674962132
0.5287189899692193
1.8806713713803267
-0.25012156451708945
-0.24806736397141765
-0.2524617947922159
4.060981846112188
0.7781693783222675
0.030068878031209362
-0.25446370407807223
0.019287239920877407
0.029306275171827798
-0.2414203892330332
-0.24902658326979188
-0.2529599003357706
-0.2500391153503384
-0.2470014739177593
0.2992535113429531
-0.25577311604592795
7.497370192620057
-0.41124662497719305
-0.6862204758914906
-0.6824660903941943
-0.6821502177991295
-0.679394882542985
-0.6806794987487038
-0.20974763069831248
-0.6830118225097006
1.2905860773614672
-0.6876510570978158
-0.6851265674166773
5.259621795056875
0.9521981389315965
3.731884817567462
-0.6804755039600748
-0.687706367716606
-0.6796974819361675
-0.6879709076105397
-0.6806873323624539
-0.6820828769620207
-0.6837315254439323
-0.6859431856209365
-0.6807661495356809
-0.6834856980075377
-0.681074771353958
2.840191945207603
0.8445916736438724
-0.6824960724914572
-0.6858386746055969
-0.6789968442110367
1.2303729380545392
-0.6872270101056074
-0.684554211955735
-0.6821359433560971
-0.6833730009917347
-0.685660458896652
-0.6878371895185845
-0.6860782168026134
-0.6872547223558619
-0.6800688916702643
-0.679451808008667
-0.68840003807626
-0.6838398356993566
-0.6871563675919394
-0.687303868701324
-0.6817745278245879
-0.6868704458428238
-0.6798982120876577
-0.6872427576731255
-0.6803094798300909
-0.6812521115323007
-0.6874726293062287
-0.6829883080351534
-0.6870601162824586
-0.6842613162787536
-0.6862494862083304
-0.6825782206145736
-0.6794553162490012
-0.6826497765473001
-0.680017508692762
-0.681195534006184
-0.6885842638427264
-0.4317962552003502
-0.6852990346353858
-0.43292033874672725
-0.6885328136765148
-0.6832600600856468
-0.41667630281489815
5.032194054921262
-0.420062543363534
-0.6846201605792303
-0.6838806275602103
4.1457407089042615
-0.6844333165313625
-0.6856953811425671
-0.6800855093987166
1.0932068619917599
0.2208399047774368
4.063883706946599
2.703274642420095
-0.6811261466856824
0.7612249733054512
4.044681150281251
2.23189944408281
-0.6859089315624165
-0.6884253054572901
-0.6883309611705457
-0.44685197950293376
-0.6885388894321586
-0.6853757252199495
-0.6854059676447075
-0.6864317016077119
-0.685058768398068
-0.6889551573182356
4.079120668738919
-0.6860635597996186
0.1915854610820434
-0.09540085835207868
-0.09547934559301095
-0.09379991534333881
-0.10069674400550867
-0.09047857908888286
-0.09671892148169929
-0.0900247681725457
-0.09397043672493265
-0.08975399578497566
-0.10074253441494972
-0.09884695976595392
-0.0946409009599708
-0.10205247162881435
0.1904021846269225
-0.0905056737010389
-0.1024313041826965
-0.09232208289035658
-0.10614057495535838
-0.0906367501001748
-0.10435855978327385
-0.09119831852270041
-0.0915274779265192
-0.09700705056289019
-0.09881281195414464
-0.1042883211092408
-0.10074227290038558
-0.09360046894297512
-0.09755424785143617
-0.10653696407384322
-0.09214843239042389
-0.1017387846418824
-0.09432053801212957
-0.09347348028603858
-0.10535454817087657
-0.09908543517144984
-0.09351445546175995
-0.09887808790685693
-0.09736342468118782
-0.09093511446058654
-0.10582382384199072
-0.1046528279842371
-0.10051068893152612
-0.09047862723271129
-0.09509684517864497
-0.09437224057985497
-0.1037528547101969
-0.0898411172371544
-0.08997422520370627
-0.10079749372447978
-0.10214521444051157
-0.10608584531968661
-0.09922255346710354
-0.10109222808884508
-0.1023847294229913
-0.09623788032348689
-0.09395097396960606
-0.10353264913814268
-0.10209011360660106
-0.10225337743198422
-0.08877644032316132
-0.09513441910431868
-0.09545173797973258
-0.1027416487610942
-0.08984018211320882
2.6812003407440117
-0.09923421502425835
-0.09682160692684731
-0.09803305662290296
5.141530173020298
-0.09038976930095624
-0.09172556592286475
-0.0931527909662168
0.49184396993076224
-0.0948015878013072
-0.09146105588803201
-0.09413991727025058
-0.1023022941246439
-0.10514719866877666
-0.09655547360275508
-0.09548756689977814
-0.10569528178373988
-0.09275280191750775
-0.10292728951819348
-0.10372522710700637
0.196727977000382
-0.0891051359447853
-0.1001673280824483
-0.09040919285997082
-0.09662863520305857
-0.09488410916651911
-0.09640641290891068
-0.10360672778943097
-0.10561868580047193
-0.0928626144399177
-0.10420242576886671
-0.10098323312471341
0.002267164167727316
-0.006107735879121401
0.008161177617095066
0.0003591885295706154
-0.004528685096625649
-0.009501254915038133
0.006911299620219184
0.009753049884077691
0.00037677832559937177
0.0025931760760250257
0.005305756452925843
0.009352816303149292
0.0014848856927672594
0.006304024517502982
-5.798145535025334e-06
0.0013218725828379996
-0.0011103804645865379
0.0028832103210708637
-0.00941291303887695
0.006221432218270457
-0.0065699265865164615
0.0011091368626171706
0.009460490148871195
-0.004428475391067581
-0.005942712614855941
0.006918505569599232
-0.0053150906974574145
0.0011825732538343447
0.003227481878126779
0.002834446035985603
0.009535388020552963
0.0070097596376323
-0.0007407946437044566
-0.00292445914406805
0.008251904043197167
-0.007337742441175519
-0.008810701171984233
-0.007180288845328457
0.003927965099294382
0.007271713915011564
-0.0063758530374731425
-0.003716091528337935
-0.005441231412428706
-0.006065644064013609
-0.009607298872225896
0.0014671823695052621
0.009981708335443576
0.0052927417765276695
0.008432231106375573
0.0075935481838526496
-0.005333883634662746
0.00502087717928045
0.005148680368518541
-0.008240874000063325
0.004855353797824094
0.00794456173976444
0.006980555670378164
0.005166566348124908
-0.008415186531137393
-0.004378281211893924
0.0013442762053347823
0.0010777702139657696
-0.0003026746680343862
-0.004085648610289385
0.005897815814370275
-0.005851047844487509
0.0014078194528444987
0.00030883597156098784
0.004070459390982109
0.009815518168094029
-0.003614800470611055
-0.0022769982044777517
-0.002231428108998905
0.006080141622242003
-0.004976139250166845
0.0049067656215498355
0.008043271349233912
0.002051828141296559
0.0034038254154376136
-0.00867906625920907
-0.0064323330334454965
-0.0012396450386966062
0.005065648352925382
-0.005987648049904712
-0.006554585139765303
-0.008130534453134998
-0.007258884396193819
-0.005103100971156047
0.007380221002004246
-0.009702664142904733
-0.002743730545263612
0.0014168002436869842
-0.004749768130899548
0.0017385051768791283
-0.007077939804581044
0.006073343824387086
0.002409141424476269
-0.07724539726530096
-0.0875581649541831
-0.08064495155444738
-0.08176119654130554
-0.08917766606338054
-0.08706079639889054
-0.08430376313907459
-0.07594653448362197
-0.07677444256034242
-0.08710948196834396
-0.08541804042727694
-0.07860677934086961
-0.0727445946748182
-0.07777032848052545
-0.07813897201570914
-0.07885037979575639
-0.08183584424871976
-0.08812679734860675
-0.07196743305709702
-0.07579885142476186
-0.08560096177342832
-0.07213151918303254
-0.07796396633725422
-0.07778418585647237
-0.08359579308664555
-0.07617864846113818
-0.0817593173201702
-0.07291990301140587
-0.07658389937186892
-0.08228382494966174
3.617053727610839
-0.07153680609050404
-0.07336333402914957
-0.08390821764834187
-0.07406491376054407
-0.08270587768801477
-0.0757154343888482
-0.07649891808711212
-0.07226799008911862
-0.08333079927744437
-0.08160661567491566
-0.07351000014227588
-0.07847030202095208
-0.0799989620636687
-0.08882674523183709
-0.08475390512775513
-0.08387439176582474
-0.07426868981834348
-0.08165368110484812
-0.07841935886659179
-0.08047612101536211
-0.07437554326567151
-0.07967676063323788
-0.08458835562515588
-0.08508474981640854
-0.07711882852751772
-0.08274747490861495
-0.07278307584626455
-0.072236847363918
-0.08327015062516618
-0.08906871008583209
-0.08679573550559092
-0.07306963024492777
-0.07712849287202547
-0.08367312682026452
-0.07935332051050853
-0.0879235306991755
-0.07206756447552623
-0.08348559626175603
1.8584663233763348
-0.08585334377595964
-0.07325363719874443
-0.07270596447913975
-0.0736311037407814
-0.08134770515056527
-0.0757363905686191
-0.07484269447000384
-0.08368457681412654
-0.08349818133143404
-0.0863686050081937
-0.07983924185550083
-0.08951129249244737
-0.08383393692624594
2.1200986037400384
-0.08734450373905346
-0.07490571968417399
-0.0897299595143507
-0.07615454949876806
-0.08449366122365935
-0.07867795285922703
-0.08351410130680688
-0.08472727661408867
-0.0741057252678234
-0.08564619645687874
-0.08044210366399296
-0.08355756423539094
-0.07726966731786751
-0.009220711208642275
0.007776876921218712
0.008755660078470983
-0.003400352669522331
-0.0007204349072818417
0.008195365795314394
0.002073582154547502
-0.003282290616515349
-0.004522525121031482
-0.0090776680722073
-0.0013095262473914904
0.002343301039860497
-0.008510570771945837
-0.0013079476430521986
-0.008919708582329312
-0.008698768494424133
-0.0014715679931222737
-0.0029205864787187163
0.0059724847765149506
0.006011617656306117
0.007715706055062828
0.005771679575968085
0.009247945508087265
-5.350808773398886e-06
-0.007255981888167891
-0.007428977085046269
-0.00882272512833788
-0.001099618941228928
0.008935166046979016
-0.0061202495659284616
-0.008831269742150453
-0.0016968514966277982
0.00919788050953818
-0.009116032884778547
0.008294838526753398
-0.0043646806915433505
-0.00836717903566632
-0.0038571846453457214
0.003620174369751523
0.008232942151106457
0.0047421112413543525
-0.006421694080451106
-0.003014990717242647
0.006052347680917249
-0.000732979376417342
0.008647907878915598
-0.0018372169370371228
0.001240257939016043
-0.008776156994553445
-0.007359435659421911
0.009785124329324829
0.008609869453395676
-0.0024462114359083322
-0.005898814012964258
-0.0038045727416712283
-0.007481030835346521
-0.006720139933524609
-0.004840065271112577
-0.009949402606685077
-0.006640656965160195
0.0039996751056598214
-0.0009914211454991673
-0.003052977822622631
0.0009441447538484016
0.006635399635124886
-0.006275224147498672
-0.004726185309632822
0.001359850673778582
0.0007171441515908872
0.007802740355390541
0.006039422665784902
-0.0038112035727190553
-0.002090797977841741
-0.004909082070080688
0.00666080577781996
0.006324694638977355
-0.006711219548110758
0.0012534726140959053
-0.0007049894939983003
0.007390417858041727
0.007267002287835019
-0.007394103075833309
-0.005526998251177593
-0.0025173494955479494
-0.00749032610766293
-0.00538391349929259
0.005138553717566738
0.004267550247866381
-0.00758145141544699
-0.0037491075415992947
0.0014617069495183822
0.002482848811860552
0.00035076761880582064
0.00025709039247382657
0.009551616210744567
-0.002685375683731053
0.006211307282882748
0.007011757951600062
0.006746880090414718
-0.006652838015235922
0.0021212907897733115
0.006163025673967329
0.005373614474062627
0.005168308865311817
0.009255182562939834
-0.008506865997829427
-0.003933944795590414
-0.004171806073380893
0.0074304999697345055
0.004086814528213578
-0.0030706697813757747
-0.0009833463473482307
-0.001816544284981485
0.009686344451642433
-0.004412093277261375
-0.008709238486395326
0.009467922618621456
0.008684970325773467
-0.003078930880892679
0.006726950808020798
0.0022985978434002987
-0.0022014500563011775
-0.007065990871845622
0.008129062532191825
0.0017675495262347908
0.005309022138046087
0.006877883771792364
-0.005795300965468544
-0.0008377920355242763
-0.0070698806943305945
0.00640737312323818
0.004769223316180867
0.006486635023578793
-0.0004382861887179379
0.005650140221814806
0.0032954339120147536
-0.0038418722186712006
0.006262997135478568
-0.004040855516008115
-0.0004487954755102397
0.005499827919944505
-0.0013309489319222934
-0.0013416978263832014
0.005491354727356108
-0.008762906132069983
-0.009065697135005582
0.00852046888946331
-0.0007911395184556214
-0.0055241373600616985
-0.00801544827790934
0.0033426600740496925
-0.0008426947419537822
-0.007787023868143106
-0.0033918209766307704
0.0008276215992879221
0.005313253516384154
0.007484847776451142
-0.0009678240272654137
-0.008784314416102685
-0.0023016558505241248
0.009076528092893586
0.0037152458687542645
0.009670186927414231
-0.00175642946806422
-0.005735122818912455
0.007664765953438824
0.004510494354287484
0.002480979016856417
-0.0076234310649982585
-0.0005780744684625127
-0.007037722682579797
-0.005567880404912788
-0.007076201755231985
-0.0019079260566806533
-0.008956420554333959
-0.00953875975325603
0.0035611195502398907
0.00188972403498056
0.003956280839900656
-0.001102189337535735
-0.005349983822705977
-0.0016125973290359408
0.004809202653090527
0.005325833711138522
0.008290079702636528
-0.007362493865187676
-0.002814015993708967
-0.0048366186065321596
-0.007439512463299458
-0.0012139614816387035
-0.0026431545856994633
0.004664113901070284
-0.008367094193747891
-0.004918235702003746
-1.5137073752961228
-1.5131655740183432
0.6491314453907736
-1.5127325338507098
-1.5146375597600068
-1.5128143041722566
-1.2948249660562656
-0.5723627017844873
1.042802876991159
-1.5126585021197267
-1.5135641266833257
-1.516678575734479
-1.512941473036746
-0.7029606269381926
-0.9750097575078693
-1.5152075066385735
-1.515407323620091
1.5113316267389647
1.4382940140343359
0.4128465122882067
0.657038882592055
-0.6919231114047172
-1.0874600548760835
-1.0884638379245395
-1.086354837725297
-1.0865897209818232
-1.5162613655428072
-1.5152117849816775
0.4811886123318524
-1.5125328021373512
-1.5137724381358666
-1.5130274769222918
-1.512882675144721
2.446603139884517
1.0850201249667568
0.35693595593998995
-0.3708645068123055
0.3085252349645924
0.3303894280232876
-0.14433029936859518
0.8947111070668592
1.7304157159486104
0.9814187062965634
-1.0017753465352206
0.2734029393901115
0.6289080704893282
-0.28366329408498164
-0.20350615390596896
-0.26439913456723513
-1.5163927106095665
-0.7506864548678978
0.2690499260486309
1.9773403559840423
-1.515219616071015
-0.6240523951562786
0.7274272589633242
-1.5151783500493132
-0.5882650916337054
-1.5160016383152073
-1.0596394034234222
-1.5146743524644086
-1.5143312018319368
-1.51292738679688
-1.51263295835927
-1.5166521617483508
3.263926693104109
2.3442248709446
2.1343754321496706
1.8732030452254915
2.0481897156574664
2.3656244243147464
0.7240820962037853
3.2001227893558943
2.7250529831454977
-0.7057642011415398
-0.12553539904776728
1.5363455892743152
2.4213676150252406
1.747768196244328
3.132185313570527
1.8894901358832168
-0.8950806073076909
1.3313155497899734
3.000576631567284
4.3878642569909365
1.6530763355763256
0.12250739918810531
3.0931684975089047
-1.5165542485901582
1.0264470914116037
-1.5126961493888655
-1.5134913375789907
-1.514919207693649
-1.5153508518074104
-1.5123811256705806
1.4420120874347158
-1.514822775051299
0.0027493339178120786
-0.00992310438969073
-0.009451266361373355
0.006657197765216912
0.0017397225011823638
-0.005149636755840383
0.0011928989958769666
0.0004808202796546385
0.004359990760445319
0.0026851245865368986
-0.003470819429965979
0.0018781343090439027
-0.01207448564296385
0.003588521398374828
-0.00862757680233941
-0.0016984509261561338
0.0032953803187860103
-0.009278238289870134
-0.004699393526400812
-0.004906378390651899
-0.004304812516507345
-0.004052657968260634
-0.0026986607807425256
0.005044252641649415
0.002388564482095686
0.0018725948660250167
-0.00119090243209825
-0.006963024378924957
0.003721716808047541
-0.00234142520468723
-0.007027591189053931
0.0027645657268950265
-0.012941121996006338
0.002202785538350829
-0.0064785821890681735
-0.002031132075069633
-0.005831730434016094
-0.011045214835105227
-0.001097599055644983
-0.007070456873451413
0.004433202528908699
0.0024651989112769138
-0.005620351529561884
-0.000830466168737234
-0.0031551531978577813
-0.010328981504481461
4.734850071887913e-05
0.0017585849993453958
-0.002026215144229896
-0.005897600546472782
-0.005201886695200179
-0.007304102765432035
0.004706807491868227
-0.009700015092058973
-0.00484496133945094
0.0005599018872983017
-0.0077514817954569305
-0.0015753606058989665
0.0007489259259070692
0.0015982620478488918
-0.002301076332493182
-0.012556826673207717
0.0001932697945904176
-0.0017382724525356215
-0.0005144714042704685
-0.012877626257691139
-0.0036321985031463073
-0.008393159515228697
-0.0030518759540327906
0.30177144007515494
-0.005509045981456305
-1.5547550693409363e-05
-0.000727174209676698
-0.011869390122678304
0.00027875455007424633
0.006494212547704882
-0.0062246718582852426
0.00284341808161604
0.004697415694462191
-3.932361485142256e-05
0.0011385207971555018
-0.010035697568241544
-0.011087272419028337
0.005943209478430638
-0.011770386253519885
0.0038620621039397443
-0.008503741228276511
0.006762288410541517
-0.009346461655535251
-0.006385700468184718
-0.007786652410790823
-0.0016730949661784562
0.004522649280911045
-0.00910445913616582
-0.006694715033529211
-0.006055145635387107
-0.011398982901086025
